sample_id	post_qc_pairs	hostile_reads_in	input_matches_post_qc	host_reads_removed	host_pct_of_post_qc	viral_pairs_before	viral_pairs_after	herv_k113_reads_before	herv_k113_reads_after	refs_present_before	refs_present_after
BEHE003	955931	1911862	1	1751148	91.5938	69	1	102	0	1	0
BEHE007	873708	1747416	1	1528528	87.4736	74	8	98	0	2	1
BEPE001	970199	1940398	1	1723936	88.8445	44	4	66	0	1	0
BEPE002	932811	1865622	1	1657846	88.8629	48	15	40	0	2	0
CLHE003	961365	1922730	1	1598360	83.1297	45	4	64	0	2	0
CLHE005	955313	1910626	1	1780166	93.1719	57	1	80	0	2	0
CLPE012	937571	1875142	1	1624744	86.6465	56	0	90	0	1	0
CLPE014	914390	1828780	1	1491034	81.5316	48	0	64	0	2	0
ESHE017	914841	1829682	1	1809588	98.9018	73	21	78	0	2	1
ESHE020	964098	1928196	1	1883764	97.6957	54	1	84	0	2	0
ESPE023	944395	1888790	1	1753208	92.8218	46	2	70	0	1	0
ESPE024	888768	1777536	1	1497924	84.2697	35	3	50	0	1	0
PEHE004	938352	1876704	1	1768400	94.229	58	2	90	0	1	0
PEHE005	954103	1908206	1	1859964	97.4719	52	0	96	0	1	0
PEPE010	943358	1886716	1	1385856	73.4533	29	0	42	0	1	0
PEPE022	938457	1876914	1	1527264	81.371	20	2	34	0	1	0
TOTAL	14987660	29975320	1	26641730	88.8789	808	64	1148	0	4	2
