sample_id	accession	virus	reads_before	reads_after	breadth_before	breadth_after	present_before	present_after
BEHE003	NC_022518.1	Human endogenous retrovirus K113	102	0	0.584987	0.000000	1	0
BEHE003	NC_032111.1	BeAn 58058 virus	4	0	0.000822	0.000000	0	0
BEHE003	NC_041925.1	UNVERIFIED_ORG: Proteus phage VB_PmiS-Isfahan	30	0	0.009009	0.000000	0	0
BEHE007	NC_022518.1	Human endogenous retrovirus K113	98	0	0.527027	0.000000	1	0
BEHE007	NC_032111.1	BeAn 58058 virus	2	0	0.000448	0.000000	0	0
BEHE007	NC_041925.1	UNVERIFIED_ORG: Proteus phage VB_PmiS-Isfahan	32	0	0.009829	0.000000	0	0
BEPE001	NC_022518.1	Human endogenous retrovirus K113	66	0	0.553843	0.000000	1	0
BEPE001	NC_032111.1	BeAn 58058 virus	2	0	0.000540	0.000000	0	0
BEPE001	NC_041925.1	UNVERIFIED_ORG: Proteus phage VB_PmiS-Isfahan	12	0	0.008845	0.000000	0	0
BEPE002	NC_022518.1	Human endogenous retrovirus K113	40	0	0.366976	0.000000	1	0
BEPE002	NC_032111.1	BeAn 58058 virus	4	0	0.000528	0.000000	0	0
BEPE002	NC_041925.1	UNVERIFIED_ORG: Proteus phage VB_PmiS-Isfahan	20	0	0.010066	0.000000	1	0
BEPE002	NC_055235.1	Papiine betaherpesvirus 3, complete genome, *** SEQUENCING IN PROGRESS ***, 22 unordered pieces	2	0	0.001597	0.000000	0	0
CLHE003	NC_022518.1	Human endogenous retrovirus K113	64	0	0.516364	0.000000	1	0
CLHE003	NC_041925.1	UNVERIFIED_ORG: Proteus phage VB_PmiS-Isfahan	18	0	0.010486	0.000000	1	0
CLHE005	NC_022518.1	Human endogenous retrovirus K113	80	0	0.482897	0.000000	1	0
CLHE005	NC_032111.1	BeAn 58058 virus	6	0	0.000675	0.000000	0	0
CLHE005	NC_041925.1	UNVERIFIED_ORG: Proteus phage VB_PmiS-Isfahan	26	0	0.010249	0.000000	1	0
CLPE012	NC_022518.1	Human endogenous retrovirus K113	90	0	0.597656	0.000000	1	0
CLPE012	NC_032111.1	BeAn 58058 virus	2	0	0.000319	0.000000	0	0
CLPE012	NC_041925.1	UNVERIFIED_ORG: Proteus phage VB_PmiS-Isfahan	20	0	0.009465	0.000000	0	0
CLPE014	NC_022518.1	Human endogenous retrovirus K113	64	0	0.477407	0.000000	1	0
CLPE014	NC_032111.1	BeAn 58058 virus	2	0	0.000374	0.000000	0	0
CLPE014	NC_041925.1	UNVERIFIED_ORG: Proteus phage VB_PmiS-Isfahan	28	0	0.010030	0.000000	1	0
CLPE014	NC_055235.1	Papiine betaherpesvirus 3, complete genome, *** SEQUENCING IN PROGRESS ***, 22 unordered pieces	2	0	0.001492	0.000000	0	0
ESHE017	NC_022518.1	Human endogenous retrovirus K113	78	0	0.483214	0.000000	1	0
ESHE017	NC_032111.1	BeAn 58058 virus	6	0	0.000601	0.000000	0	0
ESHE017	NC_041925.1	UNVERIFIED_ORG: Proteus phage VB_PmiS-Isfahan	20	0	0.009665	0.000000	0	0
ESHE020	NC_022518.1	Human endogenous retrovirus K113	84	0	0.606630	0.000000	1	0
ESHE020	NC_041925.1	UNVERIFIED_ORG: Proteus phage VB_PmiS-Isfahan	22	0	0.010030	0.000000	1	0
ESPE023	NC_022518.1	Human endogenous retrovirus K113	70	0	0.612648	0.000000	1	0
ESPE023	NC_032111.1	BeAn 58058 virus	2	0	0.000307	0.000000	0	0
ESPE023	NC_041925.1	UNVERIFIED_ORG: Proteus phage VB_PmiS-Isfahan	16	0	0.009337	0.000000	0	0
ESPE024	NC_022518.1	Human endogenous retrovirus K113	50	0	0.524282	0.000000	1	0
ESPE024	NC_041925.1	UNVERIFIED_ORG: Proteus phage VB_PmiS-Isfahan	14	0	0.009465	0.000000	0	0
PEHE004	NC_022518.1	Human endogenous retrovirus K113	90	0	0.610008	0.000000	1	0
PEHE004	NC_041925.1	UNVERIFIED_ORG: Proteus phage VB_PmiS-Isfahan	22	0	0.009848	0.000000	0	0
PEHE005	NC_022518.1	Human endogenous retrovirus K113	96	0	0.585198	0.000000	1	0
PEHE005	NC_041925.1	UNVERIFIED_ORG: Proteus phage VB_PmiS-Isfahan	8	0	0.007842	0.000000	0	0
PEPE010	NC_022518.1	Human endogenous retrovirus K113	42	0	0.415329	0.000000	1	0
PEPE010	NC_032111.1	BeAn 58058 virus	2	0	0.000472	0.000000	0	0
PEPE010	NC_041925.1	UNVERIFIED_ORG: Proteus phage VB_PmiS-Isfahan	14	0	0.008826	0.000000	0	0
PEPE022	NC_022518.1	Human endogenous retrovirus K113	34	0	0.387141	0.000000	1	0
PEPE022	NC_041925.1	UNVERIFIED_ORG: Proteus phage VB_PmiS-Isfahan	2	0	0.005234	0.000000	0	0
