sample_id	accession	virus	reads	breadth	present
ESHE017	NC_001457.1	Human papillomavirus type 4	40	0.417381	1
CLHE005	NC_001697.1	Haemophilus phage HP1 strain HP1c1	2	0.002442	0
BEHE007	NC_005294.1	Streptococcus prophage EJ-1	10	0.020589	1
BEPE001	NC_005294.1	Streptococcus prophage EJ-1	6	0.014557	0
PEHE004	NC_005294.1	Streptococcus prophage EJ-1	2	0.006335	0
BEHE003	NC_010671.1	Musca domestica salivary gland hypertrophy virus	2	0.002189	0
BEHE007	NC_010945.1	Streptococcus phage PH15	2	0.002964	0
BEHE007	NC_012756.1	Streptococcus phage PH10	2	0.007162	0
CLHE003	NC_012756.1	Streptococcus phage PH10	8	0.029863	0
ESPE023	NC_012756.1	Streptococcus phage PH10	4	0.015187	0
BEPE002	NC_019445.1	Escherichia phage TL-2011b	2	0.006074	0
BEHE007	NC_030946.1	Streptococcus phage phiARI0923	2	0.006243	0
ESHE020	NC_031108.1	Propionibacterium phage PFR2	2	0.002296	0
PEHE004	NC_031923.1	Streptococcus phage phiARI0468-2	2	0.005523	0
ESPE024	NC_031942.1	Streptococcus phage phiARI0462	2	0.006716	0
BEPE002	NC_042057.1	Enterobacteria phage DE3	8	0.018031	0
BEPE002	NC_049343.1	Escherichia phage 500465-2	4	0.016464	0
BEPE001	NC_050152.1	Enterobacteria phage P7	2	0.002823	0
BEPE002	NC_050152.1	Enterobacteria phage P7	16	0.009443	0
ESPE024	NC_050152.1	Enterobacteria phage P7	2	0.000954	0
ESPE024	NC_055523.1	Human lung-associated vientovirus FB	2	0.089005	0
PEPE022	NC_067209.1	Uncultured phage cr61_1	4	0.005823	0
ESHE017	NC_121511.1	Salmonella phage SopEPhi	2	0.007737	0
