sample_id	axis1	axis2	diagnosis	country	axis1_pct_var	axis2_pct_var
BEHE003	-0.0928280493328112	-0.008473600804017477	Periodontally healthy	Belgium	71.22515248559719	26.48937453442962
BEHE007	-0.07947699220497996	-0.005094069553690249	Periodontally healthy	Belgium	71.22515248559719	26.48937453442962
BEPE001	-0.09282804933281119	-0.008473600804017404	Periodontitis	Belgium	71.22515248559719	26.48937453442962
BEPE002	0.24162871247461654	-0.016483019976665327	Periodontitis	Belgium	71.22515248559719	26.48937453442962
CLHE003	0.12285412710229507	-0.05305194855381236	Periodontally healthy	Chile	71.22515248559719	26.48937453442962
CLHE005	0.14937498535861932	-0.04833423360819201	Periodontally healthy	Chile	71.22515248559719	26.48937453442962
CLPE012	-0.09282804933281118	-0.008473600804017472	Periodontitis	Chile	71.22515248559719	26.48937453442962
CLPE014	0.21097918149238168	-0.029655708934110098	Periodontitis	Chile	71.22515248559719	26.48937453442962
ESHE017	0.07947763723224328	0.28341493031336185	Periodontally healthy	Spain	71.22515248559719	26.48937453442962
ESHE020	0.11061479254012452	-0.054533542450733795	Periodontally healthy	Spain	71.22515248559719	26.48937453442962
ESPE023	-0.09282804933281118	-0.008473600804017547	Periodontitis	Spain	71.22515248559719	26.48937453442962
ESPE024	-0.09282804933281118	-0.008473600804017547	Periodontitis	Spain	71.22515248559719	26.48937453442962
PEHE004	-0.09282804933281118	-0.008473600804017547	Periodontally healthy	Peru	71.22515248559719	26.48937453442962
PEHE005	-0.09282804933281118	-0.008473600804017547	Periodontally healthy	Peru	71.22515248559719	26.48937453442962
PEPE010	-0.09282804933281118	-0.008473600804017547	Periodontitis	Peru	71.22515248559719	26.48937453442962
PEPE022	-0.09282804933281118	-0.008473600804017547	Periodontitis	Peru	71.22515248559719	26.48937453442962
