sample_id	accession	virus	length	reads_bowtie2	breadth_bowtie2	present_bowtie2	reads_minimap2	breadth_minimap2	present_minimap2
BEHE003	NC_004827.1	Bacteriophage Aaphi23	43033	0	0.000000	0	2	0.006321	0
BEHE003	NC_004996.1	Streptococcus phage SM1	34692	0	0.000000	0	4	0.013577	0
BEHE003	NC_005294.1	Streptococcus prophage EJ-1	42935	0	0.000000	0	2	0.006335	0
BEHE003	NC_010671.1	Musca domestica salivary gland hypertrophy virus	124279	2	0.002189	0	2	0.002189	0
BEHE003	NC_030946.1	Streptococcus phage phiARI0923	33477	0	0.000000	0	2	0.008125	0
BEHE003	NC_031901.1	Streptococcus phage phiARI0131-1	42927	0	0.000000	0	2	0.005637	0
BEHE003	NC_031941.1	Streptococcus phage phiARI0131-2	34563	0	0.000000	0	4	0.014351	0
BEHE003	NC_031942.1	Streptococcus phage phiARI0462	40498	0	0.000000	0	2	0.003901	0
BEHE003	NC_050152.1	Enterobacteria phage P7	101660	0	0.000000	0	2	0.002676	0
BEHE007	NC_004827.1	Bacteriophage Aaphi23	43033	0	0.000000	0	2	0.004973	0
BEHE007	NC_004996.1	Streptococcus phage SM1	34692	0	0.000000	0	2	0.004439	0
BEHE007	NC_005294.1	Streptococcus prophage EJ-1	42935	10	0.020589	1	20	0.046745	1
BEHE007	NC_009643.1	Actinomyces phage Av-1	17171	0	0.000000	0	28	0.130336	1
BEHE007	NC_010945.1	Streptococcus phage PH15	39136	2	0.002964	0	8	0.020033	0
BEHE007	NC_012756.1	Streptococcus phage PH10	31276	2	0.007162	0	7	0.022829	0
BEHE007	NC_023503.1	Streptococcus phage 20617 complete prophage genome	48800	0	0.000000	0	8	0.009303	0
BEHE007	NC_027396.1	Streptococcus phage SpSL1	33756	0	0.000000	0	4	0.015760	0
BEHE007	NC_030946.1	Streptococcus phage phiARI0923	33477	2	0.006243	0	2	0.006243	0
BEHE007	NC_031901.1	Streptococcus phage phiARI0131-1	42927	0	0.000000	0	2	0.006336	0
BEHE007	NC_031913.1	Streptococcus phage phiARI0460-1	41807	0	0.000000	0	2	0.004664	0
BEHE007	NC_031942.1	Streptococcus phage phiARI0462	40498	0	0.000000	0	1	0.003358	0
BEHE007	NC_048169.1	Gordonia phage BrutonGaster	91510	0	0.000000	0	2	0.001705	0
BEHE007	NC_074583.1	TPA: SsRNA phage SRR5466369_2 genomic sequence	4387	0	0.000000	0	1	0.023934	0
BEPE001	NC_004996.1	Streptococcus phage SM1	34692	0	0.000000	0	2	0.005016	0
BEPE001	NC_005294.1	Streptococcus prophage EJ-1	42935	6	0.014557	0	20	0.052498	1
BEPE001	NC_012756.1	Streptococcus phage PH10	31276	0	0.000000	0	4	0.015571	0
BEPE001	NC_023503.1	Streptococcus phage 20617 complete prophage genome	48800	0	0.000000	0	2	0.005615	0
BEPE001	NC_030946.1	Streptococcus phage phiARI0923	33477	0	0.000000	0	2	0.008006	0
BEPE001	NC_031941.1	Streptococcus phage phiARI0131-2	34563	0	0.000000	0	8	0.024274	0
BEPE001	NC_050152.1	Enterobacteria phage P7	101660	2	0.002823	0	2	0.002823	0
BEPE001	NC_055877.1	CrAssphage cr8_1	92668	0	0.000000	0	2	0.000647	0
BEPE002	NC_019445.1	Escherichia phage TL-2011b	44784	2	0.006074	0	2	0.006074	0
BEPE002	NC_022749.1	Shigella phage SfIV	39758	0	0.000000	0	2	0.002264	0
BEPE002	NC_042057.1	Enterobacteria phage DE3	42925	8	0.018031	0	12	0.023110	1
BEPE002	NC_048694.1	Klebsiella phage vB_Kpn_F48	170764	0	0.000000	0	1	0.000328	0
BEPE002	NC_049343.1	Escherichia phage 500465-2	33041	4	0.016464	0	4	0.016464	0
BEPE002	NC_049925.1	Stx converting phage vB_EcoS_P27	61580	0	0.000000	0	8	0.008314	0
BEPE002	NC_049947.1	Escherichia virus Lambda_1H12 genome assembly, chromosome: 1	46703	0	0.000000	0	2	0.005717	0
BEPE002	NC_050152.1	Enterobacteria phage P7	101660	16	0.009443	0	22	0.010604	1
BEPE002	NC_110914.1	Escherichia phage vB_EcoM-613R3	44992	0	0.000000	0	2	0.006046	0
CLHE003	NC_012756.1	Streptococcus phage PH10	31276	8	0.029863	0	84	0.206132	1
CLHE003	NC_023503.1	Streptococcus phage 20617 complete prophage genome	48800	0	0.000000	0	4	0.010266	0
CLHE003	NC_027396.1	Streptococcus phage SpSL1	33756	0	0.000000	0	30	0.093998	1
CLHE003	NC_030946.1	Streptococcus phage phiARI0923	33477	0	0.000000	0	19	0.049347	1
CLHE003	NC_031901.1	Streptococcus phage phiARI0131-1	42927	0	0.000000	0	2	0.006336	0
CLHE003	NC_031923.1	Streptococcus phage phiARI0468-2	42186	0	0.000000	0	2	0.004575	0
CLHE003	NC_031941.1	Streptococcus phage phiARI0131-2	34563	0	0.000000	0	22	0.055782	1
CLHE003	NC_032111.1	BeAn 58058 virus	163005	0	0.000000	0	2	0.000656	0
CLHE005	NC_001697.1	Haemophilus phage HP1 strain HP1c1	32355	2	0.002442	0	6	0.016844	0
CLHE005	NC_003315.1	Haemophilus phage HP2	31508	0	0.000000	0	2	0.008633	0
CLHE005	NC_004996.1	Streptococcus phage SM1	34692	0	0.000000	0	4	0.014470	0
CLHE005	NC_023503.1	Streptococcus phage 20617 complete prophage genome	48800	0	0.000000	0	2	0.005471	0
CLHE005	NC_027396.1	Streptococcus phage SpSL1	33756	0	0.000000	0	7	0.028202	0
CLHE005	NC_031941.1	Streptococcus phage phiARI0131-2	34563	0	0.000000	0	6	0.020600	0
CLHE005	NC_032111.1	BeAn 58058 virus	163005	0	0.000000	0	1	0.000380	0
CLHE005	NC_055035.1	Fusobacterium phage Fnu1	130914	0	0.000000	0	2	0.000970	0
CLPE012	NC_055877.1	CrAssphage cr8_1	92668	0	0.000000	0	2	0.000647	0
CLPE014	NC_004996.1	Streptococcus phage SM1	34692	0	0.000000	0	2	0.005880	0
CLPE014	NC_012756.1	Streptococcus phage PH10	31276	0	0.000000	0	2	0.008441	0
CLPE014	NC_023503.1	Streptococcus phage 20617 complete prophage genome	48800	0	0.000000	0	2	0.004529	0
CLPE014	NC_027396.1	Streptococcus phage SpSL1	33756	0	0.000000	0	2	0.006754	0
CLPE014	NC_030946.1	Streptococcus phage phiARI0923	33477	0	0.000000	0	6	0.012546	0
CLPE014	NC_031901.1	Streptococcus phage phiARI0131-1	42927	0	0.000000	0	2	0.006336	0
CLPE014	NC_031907.1	Streptococcus phage phiARI0746	33181	0	0.000000	0	2	0.006359	0
CLPE014	NC_031941.1	Streptococcus phage phiARI0131-2	34563	0	0.000000	0	4	0.012730	0
CLPE014	NC_054714.1	Mycobacterium phage Phabba	164254	0	0.000000	0	1	0.000280	0
CLPE014	NC_070922.1	Streptococcus phage IPP65	39046	0	0.000000	0	2	0.005301	0
ESHE017	NC_001457.1	Human papillomavirus type 4	7353	40	0.417381	1	48	0.465252	1
ESHE017	NC_121511.1	Salmonella phage SopEPhi	35155	2	0.007737	0	2	0.007737	0
ESHE020	NC_002666.1	Lactococcus prophage bIL285	35538	0	0.000000	0	1	0.003827	0
ESHE020	NC_004996.1	Streptococcus phage SM1	34692	0	0.000000	0	2	0.008273	0
ESHE020	NC_031108.1	Propionibacterium phage PFR2	39640	2	0.002296	0	2	0.002296	0
ESPE023	NC_004996.1	Streptococcus phage SM1	34692	0	0.000000	0	4	0.012251	0
ESPE023	NC_010945.1	Streptococcus phage PH15	39136	0	0.000000	0	33	0.102846	1
ESPE023	NC_012756.1	Streptococcus phage PH10	31276	4	0.015187	0	20	0.079038	1
ESPE023	NC_023503.1	Streptococcus phage 20617 complete prophage genome	48800	0	0.000000	0	6	0.013484	0
ESPE023	NC_031941.1	Streptococcus phage phiARI0131-2	34563	0	0.000000	0	4	0.015624	0
ESPE023	NC_032111.1	BeAn 58058 virus	163005	0	0.000000	0	2	0.000521	0
ESPE023	NC_041868.1	Paracoccus phage Shpa	38261	0	0.000000	0	4	0.011605	0
ESPE023	NC_073471.1	Rothia phage Spartoi	35189	0	0.000000	0	3	0.011566	0
ESPE024	NC_031942.1	Streptococcus phage phiARI0462	40498	2	0.006716	0	2	0.006716	0
ESPE024	NC_050152.1	Enterobacteria phage P7	101660	2	0.000954	0	2	0.000954	0
ESPE024	NC_055523.1	Human lung-associated vientovirus FB	3056	2	0.089005	0	6	0.203861	0
ESPE024	NC_073754.1	Xanthomonas phage phiLF	6062	0	0.000000	0	4	0.038436	0
PEHE004	NC_001697.1	Haemophilus phage HP1 strain HP1c1	32355	0	0.000000	0	2	0.007201	0
PEHE004	NC_004996.1	Streptococcus phage SM1	34692	0	0.000000	0	4	0.011069	0
PEHE004	NC_005294.1	Streptococcus prophage EJ-1	42935	2	0.006335	0	8	0.025341	0
PEHE004	NC_023503.1	Streptococcus phage 20617 complete prophage genome	48800	0	0.000000	0	5	0.009447	0
PEHE004	NC_027374.1	Bacillus phage Moonbeam	161239	0	0.000000	0	1	0.000378	0
PEHE004	NC_031923.1	Streptococcus phage phiARI0468-2	42186	2	0.005523	0	2	0.005523	0
PEHE004	NC_041868.1	Paracoccus phage Shpa	38261	0	0.000000	0	4	0.012284	0
PEHE005	NC_012756.1	Streptococcus phage PH10	31276	0	0.000000	0	2	0.008121	0
PEHE005	NC_070926.1	Streptococcus phage IPP39	37761	0	0.000000	0	1	0.003999	0
PEPE010	NC_004996.1	Streptococcus phage SM1	34692	0	0.000000	0	6	0.023233	0
PEPE010	NC_023503.1	Streptococcus phage 20617 complete prophage genome	48800	0	0.000000	0	2	0.004918	0
PEPE010	NC_055035.1	Fusobacterium phage Fnu1	130914	0	0.000000	0	2	0.002062	0
PEPE010	NC_055523.1	Human lung-associated vientovirus FB	3056	0	0.000000	0	2	0.077880	0
PEPE010	NC_067209.1	Uncultured phage cr61_1	98573	0	0.000000	0	3	0.002891	0
PEPE022	NC_004006.1	Broad bean mottle virus RNA 3	2293	0	0.000000	0	2	0.028347	0
PEPE022	NC_012756.1	Streptococcus phage PH10	31276	0	0.000000	0	4	0.014900	0
PEPE022	NC_031920.1	Streptococcus phage phiARI0004	41105	0	0.000000	0	2	0.006982	0
PEPE022	NC_031941.1	Streptococcus phage phiARI0131-2	34563	0	0.000000	0	2	0.008304	0
PEPE022	NC_055877.1	CrAssphage cr8_1	92668	0	0.000000	0	2	0.000647	0
PEPE022	NC_067209.1	Uncultured phage cr61_1	98573	4	0.005823	0	8	0.011646	0
