sample_id	accession	found_by	qname	mate	pos	mapq	cigar	nm	other_category	other_rname	other_pos	other_mapq	other_cigar	other_nm	other_proper_pair
BEHE007	NC_009643.1	minimap2	SRR31350454.2106923	1	30	60	136M	6	same_ref_low_mapq	NC_009643.1	30	3	136M	6	1
BEHE007	NC_009643.1	minimap2	SRR31350454.2106923	2	151	60	102M34S	6	same_ref_low_mapq	NC_009643.1	151	3	136M	15	1
BEHE007	NC_009643.1	minimap2	SRR31350454.3384725	1	1075	59	38S98M	4	unaligned	*	0	NA	*	NA	0
BEHE007	NC_009643.1	minimap2	SRR31350454.3193240	1	1075	60	17S119M	4	same_ref_low_mapq	NC_009643.1	1068	8	5M9I2M1I119M	15	1
BEHE007	NC_009643.1	minimap2	SRR31350454.2642737	2	1115	60	136M	6	same_ref_low_mapq	NC_009643.1	1115	24	136M	6	1
BEHE007	NC_009643.1	minimap2	SRR31350454.3193240	2	1120	60	136M	5	same_ref_low_mapq	NC_009643.1	1120	8	136M	5	1
BEHE007	NC_009643.1	minimap2	SRR31350454.2642737	1	1306	60	136M	6	same_ref_low_mapq	NC_009643.1	1306	24	136M	6	1
BEHE007	NC_009643.1	minimap2	SRR31350454.7127227	1	1363	41	14S59M	1	same_ref_low_mapq	NC_009643.1	1349	8	73M	5	1
BEHE007	NC_009643.1	minimap2	SRR31350454.7127227	2	1363	34	14S59M	1	same_ref_low_mapq	NC_009643.1	1349	8	73M	5	1
BEHE007	NC_009643.1	minimap2	SRR31350454.3384725	2	1462	60	136M	8	unaligned	*	0	NA	*	NA	0
BEHE007	NC_009643.1	minimap2	SRR31350454.9190915	1	3901	53	136M	13	same_ref_low_mapq	NC_009643.1	3901	3	136M	13	1
BEHE007	NC_009643.1	minimap2	SRR31350454.9190915	2	4048	60	136M	10	same_ref_low_mapq	NC_009643.1	4048	3	136M	10	1
BEHE007	NC_009643.1	minimap2	SRR31350454.9957099	1	4858	52	97S39M	0	unaligned	*	0	NA	*	NA	0
BEHE007	NC_009643.1	minimap2	SRR31350454.9957099	2	4908	60	136M	7	same_ref_low_mapq	NC_009643.1	4908	23	136M	7	0
BEHE007	NC_009643.1	minimap2	SRR31350454.1434200	1	14373	42	136M	10	same_ref_low_mapq	NC_009643.1	14373	3	136M	10	1
BEHE007	NC_009643.1	minimap2	SRR31350454.10294852	2	14395	42	9S127M	8	same_ref_low_mapq	NC_009643.1	14386	0	136M	11	1
BEHE007	NC_009643.1	minimap2	SRR31350454.1434200	2	14412	40	136M	11	same_ref_low_mapq	NC_009643.1	14412	3	136M	11	1
BEHE007	NC_009643.1	minimap2	SRR31350454.10294852	1	14428	39	136M	12	same_ref_low_mapq	NC_009643.1	14428	0	136M	12	1
BEHE007	NC_009643.1	minimap2	SRR31350454.9933341	1	14723	45	136M	13	same_ref_low_mapq	NC_009643.1	14723	0	136M	13	0
BEHE007	NC_009643.1	minimap2	SRR31350454.9933341	2	14878	37	136M	21	unaligned	*	0	NA	*	NA	0
BEHE007	NC_009643.1	minimap2	SRR31350454.8893097	2	14967	60	126M10S	9	same_ref_low_mapq	NC_009643.1	14967	0	136M	14	0
BEHE007	NC_009643.1	minimap2	SRR31350454.8893097	1	15255	60	73S63M	0	unaligned	*	0	NA	*	NA	0
BEHE007	NC_009643.1	minimap2	SRR31350454.1657578	2	15424	36	124M12S	7	same_ref_low_mapq	NC_009643.1	15424	0	136M	12	1
BEHE007	NC_009643.1	minimap2	SRR31350454.1657578	1	15644	40	132M4S	13	same_ref_low_mapq	NC_009643.1	15644	0	136M	15	1
BEHE007	NC_009643.1	minimap2	SRR31350454.2240668	2	15703	60	136M	8	same_ref_low_mapq	NC_009643.1	15703	23	136M	8	1
BEHE007	NC_009643.1	minimap2	SRR31350454.2240668	1	15741	60	136M	8	same_ref_low_mapq	NC_009643.1	15741	23	136M	8	1
BEHE007	NC_009643.1	minimap2	SRR31350454.7169989	2	15820	52	74M62S	6	unaligned	*	0	NA	*	NA	0
BEHE007	NC_009643.1	minimap2	SRR31350454.7169989	1	16040	60	33M1D39M1D64M	4	same_ref_low_mapq	NC_009643.1	16040	24	33M1D39M1D64M	4	0
BEPE001	NC_005294.1	minimap2	SRR31350453.5958128	2	27029	60	136M	4	same_ref_pass	NC_005294.1	27029	40	136M	4	1
BEPE001	NC_005294.1	minimap2	SRR31350453.5958128	1	27309	60	151M	6	same_ref_pass	NC_005294.1	27309	40	151M	6	1
BEPE001	NC_005294.1	minimap2	SRR31350453.6757487	2	27798	60	136M	7	same_ref_pass	NC_005294.1	27798	40	136M	7	1
BEPE001	NC_005294.1	minimap2	SRR31350453.5389431	1	27957	60	151M	5	same_ref_low_mapq	NC_005294.1	27957	24	151M	5	0
BEPE001	NC_005294.1	minimap2	SRR31350453.6757487	1	27998	60	151M	3	same_ref_pass	NC_005294.1	27998	40	151M	3	1
BEPE001	NC_005294.1	minimap2	SRR31350453.5389431	2	28399	60	136M	6	same_ref_low_mapq	NC_005294.1	28399	24	136M	6	0
BEPE001	NC_005294.1	minimap2	SRR31350453.10596775	1	30864	60	151M	7	same_ref_low_mapq	NC_005294.1	30864	23	151M	7	0
BEPE001	NC_005294.1	minimap2	SRR31350453.10596775	2	31321	59	136M	8	same_ref_low_mapq	NC_005294.1	31321	23	136M	8	0
BEPE001	NC_005294.1	minimap2	SRR31350453.10563748	1	33613	60	151M	3	same_ref_low_mapq	NC_005294.1	33613	24	151M	3	1
BEPE001	NC_005294.1	minimap2	SRR31350453.2136727	1	33613	60	151M	3	same_ref_low_mapq	NC_005294.1	33613	24	151M	3	1
BEPE001	NC_005294.1	minimap2	SRR31350453.10563748	2	33966	53	136M	10	same_ref_low_mapq	NC_005294.1	33966	24	136M	10	1
BEPE001	NC_005294.1	minimap2	SRR31350453.2136727	2	33966	53	136M	10	same_ref_low_mapq	NC_005294.1	33966	24	136M	10	1
BEPE001	NC_005294.1	minimap2	SRR31350453.6928938	1	33976	53	151M	11	same_ref_low_mapq	NC_005294.1	33976	23	151M	11	0
BEPE001	NC_005294.1	minimap2	SRR31350453.6928938	2	34492	60	136M	4	same_ref_low_mapq	NC_005294.1	34492	23	136M	4	0
BEPE001	NC_005294.1	minimap2	SRR31350453.4151041	1	35714	37	151M	15	same_ref_low_mapq	NC_005294.1	35714	3	151M	15	0
BEPE001	NC_005294.1	minimap2	SRR31350453.3290158	2	35829	60	136M	9	same_ref_low_mapq	NC_005294.1	35829	23	136M	9	1
BEPE001	NC_005294.1	minimap2	SRR31350453.3290158	1	35997	60	151M	6	same_ref_low_mapq	NC_005294.1	35997	23	151M	6	1
BEPE001	NC_005294.1	minimap2	SRR31350453.4151041	2	36102	41	136M	9	same_ref_low_mapq	NC_005294.1	36102	3	136M	9	0
BEPE001	NC_005294.1	minimap2	SRR31350453.9366387	2	36533	37	136M	10	same_ref_low_mapq	NC_005294.1	36533	0	136M	10	1
BEPE001	NC_005294.1	minimap2	SRR31350453.9366387	1	36821	35	140M11S	10	same_ref_low_mapq	NC_005294.1	36821	0	151M	16	1
BEPE002	NC_042057.1	minimap2	SRR31350452.3055863	2	527	60	136M	0	same_ref_not_proper	NC_042057.1	527	42	136M	0	0
BEPE002	NC_042057.1	minimap2	SRR31350452.3515519	2	617	60	136M	0	same_ref_pass	NC_042057.1	617	42	136M	0	1
BEPE002	NC_042057.1	minimap2	SRR31350452.4367667	2	683	60	136M	0	same_ref_not_proper	NC_042057.1	683	42	136M	0	0
BEPE002	NC_042057.1	minimap2	SRR31350452.3515519	1	778	60	136M	1	same_ref_pass	NC_042057.1	778	42	136M	1	1
BEPE002	NC_042057.1	minimap2	SRR31350452.2347310	1	793	60	136M	0	same_ref_pass	NC_042057.1	793	42	136M	0	1
BEPE002	NC_042057.1	minimap2	SRR31350452.1397786	1	818	60	136M	0	same_ref_pass	NC_042057.1	818	42	136M	0	1
BEPE002	NC_042057.1	minimap2	SRR31350452.3055863	1	928	60	136M	0	same_ref_not_proper	NC_042057.1	928	42	136M	0	0
BEPE002	NC_042057.1	minimap2	SRR31350452.2347310	2	986	60	136M	0	same_ref_pass	NC_042057.1	986	42	136M	0	1
BEPE002	NC_042057.1	minimap2	SRR31350452.1397786	2	1040	60	136M	0	same_ref_pass	NC_042057.1	1040	42	136M	0	1
BEPE002	NC_042057.1	minimap2	SRR31350452.4367667	1	1111	60	136M	0	same_ref_not_proper	NC_042057.1	1111	42	136M	0	0
BEPE002	NC_042057.1	minimap2	SRR31350452.674262	1	14650	48	136M	0	same_ref_pass	NC_042057.1	14650	42	136M	0	1
BEPE002	NC_042057.1	minimap2	SRR31350452.674262	2	14830	60	136M	0	same_ref_pass	NC_042057.1	14830	42	136M	0	1
BEPE002	NC_050152.1	minimap2	SRR31350452.1977224	2	6439	50	136M	5	same_ref_not_proper	NC_050152.1	6439	42	136M	5	0
BEPE002	NC_050152.1	minimap2	SRR31350452.3735268	2	6475	60	136M	3	same_ref_pass	NC_050152.1	6475	42	136M	3	1
BEPE002	NC_050152.1	minimap2	SRR31350452.3735268	1	6524	60	136M	2	same_ref_pass	NC_050152.1	6524	42	136M	2	1
BEPE002	NC_050152.1	minimap2	SRR31350452.2539959	2	6606	60	136M	0	same_ref_not_proper	NC_050152.1	6606	42	136M	0	0
BEPE002	NC_050152.1	minimap2	SRR31350452.6444285	2	6659	60	136M	2	same_ref_pass	NC_050152.1	6659	42	136M	2	1
BEPE002	NC_050152.1	minimap2	SRR31350452.6451330	2	6659	60	136M	2	same_ref_pass	NC_050152.1	6659	42	136M	2	1
BEPE002	NC_050152.1	minimap2	SRR31350452.6444285	1	6719	60	136M	2	same_ref_pass	NC_050152.1	6719	42	136M	2	1
BEPE002	NC_050152.1	minimap2	SRR31350452.6451330	1	6719	60	136M	2	same_ref_pass	NC_050152.1	6719	42	136M	2	1
BEPE002	NC_050152.1	minimap2	SRR31350452.3234732	2	6794	60	136M	0	same_ref_pass	NC_050152.1	6794	42	136M	0	1
BEPE002	NC_050152.1	minimap2	SRR31350452.1007958	2	6807	60	136M	0	same_ref_pass	NC_050152.1	6807	42	136M	0	1
BEPE002	NC_050152.1	minimap2	SRR31350452.6400572	1	6866	60	136M	1	same_ref_pass	NC_050152.1	6866	42	136M	1	1
BEPE002	NC_050152.1	minimap2	SRR31350452.1007958	1	6958	60	136M	4	same_ref_pass	NC_050152.1	6958	42	136M	4	1
BEPE002	NC_050152.1	minimap2	SRR31350452.5493408	2	6959	60	136M	0	same_ref_pass	NC_050152.1	6959	42	136M	0	1
BEPE002	NC_050152.1	minimap2	SRR31350452.1977224	1	6989	48	136M	4	same_ref_not_proper	NC_050152.1	6989	42	136M	4	0
BEPE002	NC_050152.1	minimap2	SRR31350452.3234732	1	7031	60	136M	1	same_ref_pass	NC_050152.1	7031	42	136M	1	1
BEPE002	NC_050152.1	minimap2	SRR31350452.2539959	1	7050	60	136M	1	same_ref_not_proper	NC_050152.1	7050	42	136M	1	0
BEPE002	NC_050152.1	minimap2	SRR31350452.6400572	2	7166	60	136M	2	same_ref_pass	NC_050152.1	7166	42	136M	2	1
BEPE002	NC_050152.1	minimap2	SRR31350452.5493408	1	7168	60	136M	0	same_ref_pass	NC_050152.1	7168	42	136M	0	1
BEPE002	NC_050152.1	minimap2	SRR31350452.4909294	1	7181	60	136M	0	same_ref_pass	NC_050152.1	7181	42	136M	0	1
BEPE002	NC_050152.1	minimap2	SRR31350452.5493376	2	7251	60	136M	2	same_ref_not_proper	NC_050152.1	7251	42	136M	2	0
BEPE002	NC_050152.1	minimap2	SRR31350452.4909294	2	7299	60	136M	0	same_ref_pass	NC_050152.1	7299	42	136M	0	1
BEPE002	NC_050152.1	minimap2	SRR31350452.5493376	1	7481	60	54S82M	0	unaligned	*	0	NA	*	NA	0
CLHE003	NC_012756.1	minimap2	SRR31350442.1874954	2	4468	35	136M	15	same_ref_low_mapq	NC_012756.1	4468	0	136M	15	0
CLHE003	NC_012756.1	minimap2	SRR31350442.1874954	1	4846	39	35M3D101M	9	same_ref_low_mapq	NC_012756.1	4846	0	35M3D101M	9	0
CLHE003	NC_012756.1	minimap2	SRR31350442.5920807	1	4964	60	136M	0	same_ref_low_mapq	NC_012756.1	4964	22	136M	0	1
CLHE003	NC_012756.1	minimap2	SRR31350442.5920807	2	5097	60	136M	1	same_ref_low_mapq	NC_012756.1	5097	22	136M	1	1
CLHE003	NC_012756.1	minimap2	SRR31350442.11223094	2	6037	50	136M	14	same_ref_low_mapq	NC_012756.1	6037	8	136M	14	1
CLHE003	NC_012756.1	minimap2	SRR31350442.3467251	2	6058	50	119M5D17M	17	same_ref_low_mapq	NC_012756.1	6058	3	119M5D17M	17	1
CLHE003	NC_012756.1	minimap2	SRR31350442.11223094	1	6332	60	136M	4	same_ref_low_mapq	NC_012756.1	6332	8	136M	4	1
CLHE003	NC_012756.1	minimap2	SRR31350442.3467251	1	6338	60	136M	4	same_ref_low_mapq	NC_012756.1	6338	3	136M	4	1
CLHE003	NC_012756.1	minimap2	SRR31350442.3073683	2	10997	60	136M	1	same_ref_pass	NC_012756.1	10997	42	136M	1	1
CLHE003	NC_012756.1	minimap2	SRR31350442.4955223	1	11179	60	136M	2	same_ref_pass	NC_012756.1	11179	40	136M	2	1
CLHE003	NC_012756.1	minimap2	SRR31350442.3073683	1	11276	60	136M	1	same_ref_pass	NC_012756.1	11276	42	136M	1	1
CLHE003	NC_012756.1	minimap2	SRR31350442.4955223	2	11514	60	136M	6	same_ref_pass	NC_012756.1	11514	40	136M	6	1
CLHE003	NC_012756.1	minimap2	SRR31350442.11447319	1	12643	60	136M	4	same_ref_not_proper	NC_012756.1	12643	40	136M	4	0
CLHE003	NC_012756.1	minimap2	SRR31350442.8759969	2	13001	59	136M	8	other_ref	NC_031941.1	20871	11	136M	4	0
CLHE003	NC_012756.1	minimap2	SRR31350442.6063492	2	13168	51	136M	8	same_ref_low_mapq	NC_012756.1	13168	24	136M	8	1
CLHE003	NC_012756.1	minimap2	SRR31350442.814024	2	13168	51	136M	8	same_ref_low_mapq	NC_012756.1	13168	24	136M	8	1
CLHE003	NC_012756.1	minimap2	SRR31350442.3123430	2	13169	50	136M	8	same_ref_low_mapq	NC_012756.1	13169	23	136M	8	0
CLHE003	NC_012756.1	minimap2	SRR31350442.11447319	2	13236	52	136M	6	same_ref_not_proper	NC_012756.1	13236	40	136M	6	0
CLHE003	NC_012756.1	minimap2	SRR31350442.10034808	2	13256	59	136M	7	same_ref_low_mapq	NC_012756.1	13256	24	136M	7	1
CLHE003	NC_012756.1	minimap2	SRR31350442.2094215	1	13280	58	136M	7	same_ref_low_mapq	NC_012756.1	13280	23	136M	7	1
CLHE003	NC_012756.1	minimap2	SRR31350442.10034808	1	13475	60	136M	5	same_ref_low_mapq	NC_012756.1	13475	24	136M	5	1
CLHE003	NC_012756.1	minimap2	SRR31350442.6063492	1	13485	60	136M	3	same_ref_low_mapq	NC_012756.1	13485	24	136M	3	1
CLHE003	NC_012756.1	minimap2	SRR31350442.814024	1	13487	60	136M	3	same_ref_low_mapq	NC_012756.1	13487	24	136M	3	1
CLHE003	NC_012756.1	minimap2	SRR31350442.8761936	2	13546	60	136M	8	unaligned	*	0	NA	*	NA	0
CLHE003	NC_012756.1	minimap2	SRR31350442.2094215	2	13553	60	136M	9	same_ref_low_mapq	NC_012756.1	13553	23	136M	9	1
CLHE003	NC_012756.1	minimap2	SRR31350442.3123430	1	13553	60	136M	9	same_ref_low_mapq	NC_012756.1	13553	4	136M	9	0
CLHE003	NC_012756.1	minimap2	SRR31350442.8759969	1	13596	60	136M	9	same_ref_low_mapq	NC_012756.1	13596	8	136M	9	0
CLHE003	NC_012756.1	minimap2	SRR31350442.8761936	1	14031	52	136M	12	unaligned	*	0	NA	*	NA	0
CLHE003	NC_012756.1	minimap2	SRR31350442.10073166	2	14396	42	20S116M	10	same_ref_low_mapq	NC_012756.1	14376	0	136M	15	1
CLHE003	NC_012756.1	minimap2	SRR31350442.10073166	1	14551	47	136M	9	same_ref_low_mapq	NC_012756.1	14551	0	136M	9	1
CLHE003	NC_012756.1	minimap2	SRR31350442.4185313	1	15287	53	129M7S	11	same_ref_low_mapq	NC_012756.1	15287	23	136M	14	1
CLHE003	NC_012756.1	minimap2	SRR31350442.4185313	2	15432	60	136M	2	same_ref_low_mapq	NC_012756.1	15432	23	136M	2	1
CLHE003	NC_012756.1	minimap2	SRR31350442.7464440	1	15483	60	128M8S	8	same_ref_low_mapq	NC_012756.1	15483	3	136M	11	1
CLHE003	NC_012756.1	minimap2	SRR31350442.11484772	1	15614	55	5S131M	11	same_ref_low_mapq	NC_012756.1	15609	0	136M	14	1
CLHE003	NC_012756.1	minimap2	SRR31350442.7464440	2	15650	52	136M	10	same_ref_low_mapq	NC_012756.1	15650	3	136M	10	1
CLHE003	NC_012756.1	minimap2	SRR31350442.4027990	2	15704	46	136M	10	same_ref_low_mapq	NC_012756.1	15704	3	136M	10	1
CLHE003	NC_012756.1	minimap2	SRR31350442.3067399	2	15801	43	118M18S	11	same_ref_low_mapq	NC_012756.1	15801	0	118M1I3M1D14M	15	1
CLHE003	NC_012756.1	minimap2	SRR31350442.8315461	2	15857	32	62M1I3M1D70M	12	same_ref_low_mapq	NC_012756.1	15857	0	62M1I3M1D70M	12	1
CLHE003	NC_012756.1	minimap2	SRR31350442.8295567	2	15858	35	61M1I3M1D71M	12	same_ref_low_mapq	NC_012756.1	15858	0	61M1I3M1D71M	12	1
CLHE003	NC_012756.1	minimap2	SRR31350442.8132560	2	15858	36	61M1I3M1D71M	12	same_ref_low_mapq	NC_012756.1	15858	0	61M1I3M1D71M	12	1
CLHE003	NC_012756.1	minimap2	SRR31350442.7809556	1	15887	55	4S32M1I3M1D96M	11	same_ref_low_mapq	NC_012756.1	15883	0	36M1I3M1D96M	13	0
CLHE003	NC_012756.1	minimap2	SRR31350442.11484772	2	15926	60	13S123M	7	same_ref_low_mapq	NC_012756.1	15913	0	6M1I3M1D126M	10	1
CLHE003	NC_012756.1	minimap2	SRR31350442.7763030	1	16021	58	136M	11	same_ref_low_mapq	NC_012756.1	16021	0	136M	11	1
CLHE003	NC_012756.1	minimap2	SRR31350442.3067399	1	16028	51	136M	11	same_ref_low_mapq	NC_012756.1	16028	0	136M	11	1
CLHE003	NC_012756.1	minimap2	SRR31350442.4027990	1	16046	48	136M	11	same_ref_low_mapq	NC_012756.1	16046	3	136M	11	1
CLHE003	NC_012756.1	minimap2	SRR31350442.8315461	1	16077	32	136M	14	same_ref_low_mapq	NC_012756.1	16077	0	136M	14	1
CLHE003	NC_012756.1	minimap2	SRR31350442.8295567	1	16215	35	136M	12	same_ref_low_mapq	NC_012756.1	16215	0	136M	12	1
CLHE003	NC_012756.1	minimap2	SRR31350442.8132560	1	16215	36	136M	10	same_ref_low_mapq	NC_012756.1	16215	0	136M	10	1
CLHE003	NC_012756.1	minimap2	SRR31350442.5166389	1	16293	60	129M7S	10	same_ref_low_mapq	NC_012756.1	16293	0	136M	13	0
CLHE003	NC_012756.1	minimap2	SRR31350442.7809556	2	16322	60	15S121M	10	same_ref_low_mapq	NC_012756.1	16307	0	136M	15	0
CLHE003	NC_012756.1	minimap2	SRR31350442.7763030	2	16322	60	8S128M	11	same_ref_low_mapq	NC_012756.1	16314	0	136M	14	1
CLHE003	NC_012756.1	minimap2	SRR31350442.5166389	2	16801	60	136M	2	same_ref_low_mapq	NC_012756.1	16801	21	136M	2	0
CLHE003	NC_012756.1	minimap2	SRR31350442.21958	1	16837	60	136M	1	same_ref_not_proper	NC_012756.1	16837	42	136M	1	0
CLHE003	NC_012756.1	minimap2	SRR31350442.7185104	2	17073	53	136M	11	same_ref_low_mapq	NC_012756.1	17073	8	136M	11	1
CLHE003	NC_012756.1	minimap2	SRR31350442.7185104	1	17260	60	131M5S	5	same_ref_low_mapq	NC_012756.1	17260	8	136M	7	1
CLHE003	NC_012756.1	minimap2	SRR31350442.21958	2	17327	60	136M	9	same_ref_low_mapq	NC_012756.1	17327	0	136M	9	0
CLHE003	NC_012756.1	minimap2	SRR31350442.1292426	1	17714	60	136M	3	same_ref_low_mapq	NC_012756.1	17714	1	136M	3	0
CLHE003	NC_012756.1	minimap2	SRR31350442.4081628	2	17802	60	133M3S	6	same_ref_low_mapq	NC_012756.1	17802	2	136M	8	0
CLHE003	NC_012756.1	minimap2	SRR31350442.6279269	2	18048	44	136M	6	same_ref_low_mapq	NC_012756.1	18048	8	136M	6	1
CLHE003	NC_012756.1	minimap2	SRR31350442.1292426	2	18135	60	136M	2	same_ref_not_proper	NC_012756.1	18135	42	136M	2	0
CLHE003	NC_012756.1	minimap2	SRR31350442.4081628	1	18197	60	136M	4	same_ref_not_proper	NC_012756.1	18197	40	136M	4	0
CLHE003	NC_012756.1	minimap2	SRR31350442.3841935	1	18250	60	136M	5	same_ref_low_mapq	NC_012756.1	18250	8	136M	5	1
CLHE003	NC_012756.1	minimap2	SRR31350442.6279269	1	18390	37	136M	12	same_ref_low_mapq	NC_012756.1	18390	8	136M	12	1
CLHE003	NC_012756.1	minimap2	SRR31350442.3841935	2	18451	50	136M	13	same_ref_low_mapq	NC_012756.1	18451	8	136M	13	1
CLHE003	NC_012756.1	minimap2	SRR31350442.10741117	2	18783	59	136M	12	same_ref_low_mapq	NC_012756.1	18783	23	136M	12	1
CLHE003	NC_012756.1	minimap2	SRR31350442.6406021	2	18945	60	136M	5	same_ref_low_mapq	NC_012756.1	18945	24	136M	5	0
CLHE003	NC_012756.1	minimap2	SRR31350442.7141452	1	19031	60	136M	3	same_ref_pass	NC_012756.1	19031	40	136M	3	1
CLHE003	NC_012756.1	minimap2	SRR31350442.1528686	2	19049	60	136M	2	same_ref_not_proper	NC_012756.1	19049	42	136M	2	0
CLHE003	NC_012756.1	minimap2	SRR31350442.10741117	1	19054	60	136M	2	same_ref_low_mapq	NC_012756.1	19054	23	136M	2	1
CLHE003	NC_012756.1	minimap2	SRR31350442.1227547	1	19060	60	136M	8	same_ref_low_mapq	NC_012756.1	19060	24	136M	8	1
CLHE003	NC_012756.1	minimap2	SRR31350442.843220	2	19077	60	136M	6	same_ref_low_mapq	NC_012756.1	19077	24	136M	6	1
CLHE003	NC_012756.1	minimap2	SRR31350442.1227547	2	19289	58	136M	4	same_ref_low_mapq	NC_012756.1	19289	24	136M	4	1
CLHE003	NC_012756.1	minimap2	SRR31350442.7141452	2	19294	60	136M	6	same_ref_pass	NC_012756.1	19294	40	136M	6	1
CLHE003	NC_012756.1	minimap2	SRR31350442.843220	1	19294	60	136M	6	same_ref_low_mapq	NC_012756.1	19294	24	136M	6	1
CLHE003	NC_012756.1	minimap2	SRR31350442.6406021	1	19321	56	136M	8	same_ref_low_mapq	NC_012756.1	19321	0	136M	8	0
CLHE003	NC_012756.1	minimap2	SRR31350442.1528686	1	19500	60	136M	7	other_ref	NC_031941.1	14396	7	136M	5	0
CLHE003	NC_012756.1	minimap2	SRR31350442.10307948	2	20363	60	136M	4	same_ref_low_mapq	NC_012756.1	20363	4	136M	4	1
CLHE003	NC_012756.1	minimap2	SRR31350442.10307948	1	20652	60	136M	7	same_ref_low_mapq	NC_012756.1	20652	4	136M	7	1
CLHE003	NC_012756.1	minimap2	SRR31350442.4910389	1	20663	31	136M	7	same_ref_low_mapq	NC_012756.1	20663	2	136M	7	1
CLHE003	NC_012756.1	minimap2	SRR31350442.3961718	2	20921	60	29M2I1M1D104M	7	same_ref_low_mapq	NC_012756.1	20921	0	23M1I112M	7	1
CLHE003	NC_012756.1	minimap2	SRR31350442.3961718	1	21222	60	136M	4	same_ref_low_mapq	NC_012756.1	21222	0	136M	4	1
CLHE003	NC_012756.1	minimap2	SRR31350442.970927	1	23416	30	134M2S	11	same_ref_low_mapq	NC_012756.1	23416	0	136M	13	0
CLHE003	NC_012756.1	minimap2	SRR31350442.2423880	2	30857	60	2S134M	1	same_ref_pass	NC_012756.1	30855	42	136M	3	1
CLHE003	NC_012756.1	minimap2	SRR31350442.2423880	1	30876	60	136M	1	same_ref_pass	NC_012756.1	30876	42	136M	1	1
CLHE003	NC_027396.1	minimap2	SRR31350442.520711	1	239	60	136M	0	same_ref_not_proper	NC_027396.1	239	32	136M	0	0
CLHE003	NC_027396.1	minimap2	SRR31350442.520711	2	879	48	136M	4	other_ref	NC_030946.1	19874	6	136M	3	0
CLHE003	NC_027396.1	minimap2	SRR31350442.7965773	2	1216	42	136M	18	unaligned	*	0	NA	*	NA	0
CLHE003	NC_027396.1	minimap2	SRR31350442.7965773	1	1702	53	136M	6	same_ref_low_mapq	NC_027396.1	1702	24	136M	6	0
CLHE003	NC_027396.1	minimap2	SRR31350442.11002129	1	1706	54	136M	5	same_ref_low_mapq	NC_027396.1	1706	11	136M	5	0
CLHE003	NC_027396.1	minimap2	SRR31350442.11002129	2	1994	43	15S121M	15	unaligned	*	0	NA	*	NA	0
CLHE003	NC_027396.1	minimap2	SRR31350442.7682932	1	7403	60	136M	2	same_ref_low_mapq	NC_027396.1	7403	18	136M	2	1
CLHE003	NC_027396.1	minimap2	SRR31350442.7682932	2	7469	60	136M	1	same_ref_low_mapq	NC_027396.1	7469	18	136M	1	1
CLHE003	NC_027396.1	minimap2	SRR31350442.4319939	2	7626	60	136M	1	same_ref_low_mapq	NC_027396.1	7626	12	136M	1	1
CLHE003	NC_027396.1	minimap2	SRR31350442.4319939	1	7946	60	136M	1	same_ref_low_mapq	NC_027396.1	7946	12	136M	1	1
CLHE003	NC_027396.1	minimap2	SRR31350442.3406264	2	19905	60	136M	7	same_ref_low_mapq	NC_027396.1	19905	2	136M	7	1
CLHE003	NC_027396.1	minimap2	SRR31350442.3406264	1	20172	53	136M	8	same_ref_low_mapq	NC_027396.1	20172	2	136M	8	1
CLHE003	NC_027396.1	minimap2	SRR31350442.11137065	2	22990	60	16S120M	0	same_ref_low_mapq	NC_027396.1	22974	24	136M	5	0
CLHE003	NC_027396.1	minimap2	SRR31350442.5074921	2	22990	60	57S79M	0	unaligned	*	0	NA	*	NA	0
CLHE003	NC_027396.1	minimap2	SRR31350442.5074921	1	23073	60	136M	3	same_ref_not_proper	NC_027396.1	23073	42	136M	3	0
CLHE003	NC_027396.1	minimap2	SRR31350442.5486589	2	23126	60	136M	3	same_ref_low_mapq	NC_027396.1	23126	1	136M	3	0
CLHE003	NC_027396.1	minimap2	SRR31350442.1179979	1	23235	60	136M	0	same_ref_not_proper	NC_027396.1	23235	30	136M	0	0
CLHE003	NC_027396.1	minimap2	SRR31350442.4170790	1	23245	60	136M	0	same_ref_not_proper	NC_027396.1	23245	31	136M	0	0
CLHE003	NC_027396.1	minimap2	SRR31350442.11137065	1	23380	60	136M	0	same_ref_not_proper	NC_027396.1	23380	30	136M	0	0
CLHE003	NC_027396.1	minimap2	SRR31350442.5486589	1	23561	48	7S129M	6	other_ref	NC_004996.1	6293	2	136M	8	0
CLHE003	NC_027396.1	minimap2	SRR31350442.1179979	2	23637	50	136M	19	unaligned	*	0	NA	*	NA	0
CLHE003	NC_027396.1	minimap2	SRR31350442.4170790	2	23749	50	136M	14	unaligned	*	0	NA	*	NA	0
CLHE003	NC_027396.1	minimap2	SRR31350442.2320568	2	25841	60	136M	7	unaligned	*	0	NA	*	NA	0
CLHE003	NC_027396.1	minimap2	SRR31350442.2320568	1	26017	50	110M26S	12	unaligned	*	0	NA	*	NA	0
CLHE003	NC_027396.1	minimap2	SRR31350442.1232148	2	26427	60	136M	4	same_ref_low_mapq	NC_027396.1	26427	24	136M	4	1
CLHE003	NC_027396.1	minimap2	SRR31350442.1232148	1	26586	60	136M	8	same_ref_low_mapq	NC_027396.1	26586	24	136M	8	1
CLHE003	NC_027396.1	minimap2	SRR31350442.519477	2	31237	60	20S116M	4	same_ref_low_mapq	NC_027396.1	31217	2	136M	11	1
CLHE003	NC_027396.1	minimap2	SRR31350442.5067420	1	31237	60	18S118M	4	same_ref_low_mapq	NC_027396.1	31219	0	136M	10	0
CLHE003	NC_027396.1	minimap2	SRR31350442.519477	1	31418	50	136M	15	same_ref_low_mapq	NC_027396.1	31418	2	136M	15	1
CLHE003	NC_027396.1	minimap2	SRR31350442.5067420	2	31612	60	136M	6	same_ref_low_mapq	NC_027396.1	31612	24	136M	6	0
CLHE003	NC_030946.1	minimap2	SRR31350442.639450	2	10591	60	136M	6	same_ref_low_mapq	NC_030946.1	10591	24	136M	6	0
CLHE003	NC_030946.1	minimap2	SRR31350442.639450	1	11141	48	136M	6	other_ref	NC_027396.1	9612	6	136M	5	0
CLHE003	NC_030946.1	minimap2	SRR31350442.3939170	1	11328	58	136M	8	same_ref_low_mapq	NC_030946.1	11328	23	136M	8	0
CLHE003	NC_030946.1	minimap2	SRR31350442.3939170	2	11832	60	136M	1	same_ref_low_mapq	NC_030946.1	11832	12	136M	1	0
CLHE003	NC_030946.1	minimap2	SRR31350442.7840402	1	15979	35	136M	3	same_ref_low_mapq	NC_030946.1	15979	6	136M	3	0
CLHE003	NC_030946.1	minimap2	SRR31350442.4587972	1	23548	53	136M	10	same_ref_low_mapq	NC_030946.1	23548	3	136M	10	0
CLHE003	NC_030946.1	minimap2	SRR31350442.9680856	2	23588	32	136M	8	unaligned	*	0	NA	*	NA	0
CLHE003	NC_030946.1	minimap2	SRR31350442.3354961	2	24088	60	136M	6	other_ref	NC_070924.1	8482	0	136M	6	1
CLHE003	NC_030946.1	minimap2	SRR31350442.4587972	2	24137	60	136M	4	same_ref_low_mapq	NC_030946.1	24137	11	136M	4	0
CLHE003	NC_030946.1	minimap2	SRR31350442.3354961	1	24188	60	104M32S	5	other_ref	NC_070924.1	8382	0	136M	13	1
CLHE003	NC_030946.1	minimap2	SRR31350442.634275	1	30408	60	136M	4	same_ref_not_proper	NC_030946.1	30408	40	136M	4	0
CLHE003	NC_030946.1	minimap2	SRR31350442.4548384	2	30476	33	136M	7	unaligned	*	0	NA	*	NA	0
CLHE003	NC_030946.1	minimap2	SRR31350442.10303870	1	30480	38	136M	7	same_ref_low_mapq	NC_030946.1	30480	23	136M	7	0
CLHE003	NC_030946.1	minimap2	SRR31350442.6144341	2	30512	39	136M	7	same_ref_low_mapq	NC_030946.1	30512	23	136M	7	0
CLHE003	NC_030946.1	minimap2	SRR31350442.11026685	2	30646	44	105M31S	6	same_ref_low_mapq	NC_030946.1	30646	0	136M	14	0
CLHE003	NC_030946.1	minimap2	SRR31350442.11026685	1	30770	39	23S113M	12	unaligned	*	0	NA	*	NA	0
CLHE003	NC_030946.1	minimap2	SRR31350442.10303870	2	30770	33	40S96M	11	unaligned	*	0	NA	*	NA	0
CLHE003	NC_030946.1	minimap2	SRR31350442.634275	2	30770	52	23S113M	12	unaligned	*	0	NA	*	NA	0
CLHE003	NC_030946.1	minimap2	SRR31350442.6144341	1	30907	37	136M	9	same_ref_low_mapq	NC_030946.1	30907	23	136M	9	0
CLHE003	NC_031941.1	minimap2	SRR31350442.5971855	2	9942	60	136M	9	same_ref_low_mapq	NC_031941.1	9942	23	136M	9	1
CLHE003	NC_031941.1	minimap2	SRR31350442.5971855	1	10240	59	136M	7	same_ref_low_mapq	NC_031941.1	10240	23	136M	7	1
CLHE003	NC_031941.1	minimap2	SRR31350442.11727992	1	15848	59	136M	4	same_ref_low_mapq	NC_031941.1	15848	7	136M	4	0
CLHE003	NC_031941.1	minimap2	SRR31350442.3518299	1	15974	60	136M	3	same_ref_low_mapq	NC_031941.1	15974	6	136M	3	1
CLHE003	NC_031941.1	minimap2	SRR31350442.3520561	1	15974	60	136M	3	same_ref_low_mapq	NC_031941.1	15974	6	136M	3	1
CLHE003	NC_031941.1	minimap2	SRR31350442.11911092	1	16021	60	136M	5	same_ref_low_mapq	NC_031941.1	16021	7	136M	5	0
CLHE003	NC_031941.1	minimap2	SRR31350442.3518299	2	16122	48	136M	5	same_ref_low_mapq	NC_031941.1	16122	6	136M	5	1
CLHE003	NC_031941.1	minimap2	SRR31350442.3520561	2	16122	48	136M	5	same_ref_low_mapq	NC_031941.1	16122	6	136M	5	1
CLHE003	NC_031941.1	minimap2	SRR31350442.11727992	2	16252	60	136M	1	same_ref_low_mapq	NC_031941.1	16252	1	136M	1	0
CLHE003	NC_031941.1	minimap2	SRR31350442.3047691	1	16265	60	136M	1	same_ref_low_mapq	NC_031941.1	16265	12	136M	1	1
CLHE003	NC_031941.1	minimap2	SRR31350442.1146053	1	16310	60	136M	0	same_ref_low_mapq	NC_031941.1	16310	12	136M	0	1
CLHE003	NC_031941.1	minimap2	SRR31350442.1146053	2	16399	60	136M	2	same_ref_low_mapq	NC_031941.1	16399	12	136M	2	1
CLHE003	NC_031941.1	minimap2	SRR31350442.3047691	2	16432	60	136M	2	same_ref_low_mapq	NC_031941.1	16432	12	136M	2	1
CLHE003	NC_031941.1	minimap2	SRR31350442.11911092	2	16657	48	114M22S	8	other_ref	NC_012756.1	17218	2	136M	12	0
CLHE003	NC_031941.1	minimap2	SRR31350442.8887827	2	20413	39	117M19S	5	other_ref	NC_012756.1	13459	0	136M	8	0
CLHE003	NC_031941.1	minimap2	SRR31350442.8887827	1	21015	49	136M	4	same_ref_low_mapq	NC_031941.1	21015	11	136M	4	0
CLHE003	NC_031941.1	minimap2	SRR31350442.458075	1	21090	60	136M	2	same_ref_low_mapq	NC_031941.1	21090	24	136M	2	1
CLHE003	NC_031941.1	minimap2	SRR31350442.458075	2	21266	59	35M1D101M	8	same_ref_low_mapq	NC_031941.1	21266	24	35M1D101M	8	1
CLHE003	NC_031941.1	minimap2	SRR31350442.11435009	1	21668	60	63S73M	1	unaligned	*	0	NA	*	NA	0
CLHE003	NC_031941.1	minimap2	SRR31350442.11435009	2	21715	48	48M88S	2	unaligned	*	0	NA	*	NA	0
CLHE003	NC_031941.1	minimap2	SRR31350442.10920469	2	22212	58	136M	5	same_ref_low_mapq	NC_031941.1	22212	14	136M	5	0
CLHE003	NC_031941.1	minimap2	SRR31350442.10920469	1	22741	46	8S11M1I21M1D95M	10	other_ref	NC_012756.1	11120	0	136M	12	0
ESPE023	NC_010945.1	minimap2	SRR31350409.6570463	2	4617	60	132M4S	9	same_ref_low_mapq	NC_010945.1	4617	0	136M	12	1
ESPE023	NC_010945.1	minimap2	SRR31350409.6570463	1	4788	55	131M5S	11	same_ref_low_mapq	NC_010945.1	4788	0	136M	13	1
ESPE023	NC_010945.1	minimap2	SRR31350409.2034821	1	7798	50	136M	11	unaligned	*	0	NA	*	NA	0
ESPE023	NC_010945.1	minimap2	SRR31350409.2034821	2	8173	60	136M	5	unaligned	*	0	NA	*	NA	0
ESPE023	NC_010945.1	minimap2	SRR31350409.3918615	1	10816	56	136M	8	unaligned	*	0	NA	*	NA	0
ESPE023	NC_010945.1	minimap2	SRR31350409.3918615	2	10934	60	136M	5	unaligned	*	0	NA	*	NA	0
ESPE023	NC_010945.1	minimap2	SRR31350409.1538726	2	17506	44	136M	8	unaligned	*	0	NA	*	NA	0
ESPE023	NC_010945.1	minimap2	SRR31350409.1538726	1	17932	37	136M	16	unaligned	*	0	NA	*	NA	0
ESPE023	NC_010945.1	minimap2	SRR31350409.4313445	1	19602	49	136M	16	same_ref_low_mapq	NC_010945.1	19602	0	136M	16	1
ESPE023	NC_010945.1	minimap2	SRR31350409.4313445	2	19866	52	132M4S	12	same_ref_low_mapq	NC_010945.1	19866	0	136M	15	1
ESPE023	NC_010945.1	minimap2	SRR31350409.4714515	2	20734	50	136M	8	same_ref_low_mapq	NC_010945.1	20734	24	136M	8	1
ESPE023	NC_010945.1	minimap2	SRR31350409.5114967	2	20748	50	136M	9	same_ref_low_mapq	NC_010945.1	20748	8	136M	9	1
ESPE023	NC_010945.1	minimap2	SRR31350409.4714515	1	20937	60	136M	4	same_ref_low_mapq	NC_010945.1	20937	24	136M	4	1
ESPE023	NC_010945.1	minimap2	SRR31350409.5114967	1	20983	60	136M	8	same_ref_low_mapq	NC_010945.1	20983	8	136M	8	1
ESPE023	NC_010945.1	minimap2	SRR31350409.2292079	1	21126	45	136M	7	same_ref_low_mapq	NC_010945.1	21126	23	136M	7	1
ESPE023	NC_010945.1	minimap2	SRR31350409.2292079	2	21325	40	136M	8	same_ref_low_mapq	NC_010945.1	21325	23	136M	8	1
ESPE023	NC_010945.1	minimap2	SRR31350409.2656159	1	21927	32	136M	6	same_ref_low_mapq	NC_010945.1	21927	8	136M	6	1
ESPE023	NC_010945.1	minimap2	SRR31350409.5350805	1	24932	50	91M45S	7	unaligned	*	0	NA	*	NA	0
ESPE023	NC_010945.1	minimap2	SRR31350409.5350805	2	25185	60	20S116M	9	same_ref_low_mapq	NC_010945.1	25165	0	136M	15	0
ESPE023	NC_010945.1	minimap2	SRR31350409.4642908	2	26444	37	136M	10	same_ref_low_mapq	NC_010945.1	26444	3	136M	10	0
ESPE023	NC_010945.1	minimap2	SRR31350409.3974133	2	26725	50	136M	12	same_ref_low_mapq	NC_010945.1	26725	3	136M	12	1
ESPE023	NC_010945.1	minimap2	SRR31350409.4642908	1	26819	39	136M	12	same_ref_low_mapq	NC_010945.1	26819	3	136M	12	0
ESPE023	NC_010945.1	minimap2	SRR31350409.3974133	1	26903	60	136M	9	same_ref_low_mapq	NC_010945.1	26903	3	136M	9	1
ESPE023	NC_010945.1	minimap2	SRR31350409.2085784	2	27097	60	136M	11	same_ref_low_mapq	NC_010945.1	27097	24	136M	11	0
ESPE023	NC_010945.1	minimap2	SRR31350409.2085784	1	27642	60	136M	1	same_ref_low_mapq	NC_010945.1	27642	24	136M	1	0
ESPE023	NC_010945.1	minimap2	SRR31350409.1381913	1	27776	60	132M4S	4	same_ref_low_mapq	NC_010945.1	27776	8	136M	6	0
ESPE023	NC_010945.1	minimap2	SRR31350409.6969463	2	28123	40	136M	10	same_ref_low_mapq	NC_010945.1	28123	3	136M	10	1
ESPE023	NC_010945.1	minimap2	SRR31350409.1381913	2	28267	60	136M	12	same_ref_low_mapq	NC_010945.1	28267	8	136M	12	0
ESPE023	NC_010945.1	minimap2	SRR31350409.6969463	1	28389	44	136M	12	same_ref_low_mapq	NC_010945.1	28389	3	136M	12	1
ESPE023	NC_010945.1	minimap2	SRR31350409.3100812	2	36015	53	11M1I76M1D48M	8	same_ref_low_mapq	NC_010945.1	36015	8	11M1I76M1D48M	8	1
ESPE023	NC_010945.1	minimap2	SRR31350409.3100812	1	36138	60	46M1D90M	7	same_ref_low_mapq	NC_010945.1	36138	8	46M1D90M	7	1
ESPE023	NC_010945.1	minimap2	SRR31350409.7261855	1	38573	60	136M	5	same_ref_low_mapq	NC_010945.1	38573	8	136M	5	1
ESPE023	NC_010945.1	minimap2	SRR31350409.7261855	2	38763	59	27S109M	3	same_ref_low_mapq	NC_010945.1	38737	8	23M1I112M	11	1
ESPE023	NC_012756.1	minimap2	SRR31350409.4312740	2	215	38	7S129M	3	same_ref_low_mapq	NC_012756.1	208	6	136M	6	1
ESPE023	NC_012756.1	minimap2	SRR31350409.7856429	1	11115	60	136M	1	same_ref_pass	NC_012756.1	11115	42	136M	1	1
ESPE023	NC_012756.1	minimap2	SRR31350409.7856429	2	11182	60	136M	1	same_ref_pass	NC_012756.1	11182	42	136M	1	1
ESPE023	NC_012756.1	minimap2	SRR31350409.5476133	2	11283	60	136M	1	same_ref_low_mapq	NC_012756.1	11283	22	136M	1	1
ESPE023	NC_012756.1	minimap2	SRR31350409.5476133	1	11563	60	136M	5	same_ref_low_mapq	NC_012756.1	11563	22	136M	5	1
ESPE023	NC_012756.1	minimap2	SRR31350409.682164	2	15204	53	5S131M	8	same_ref_low_mapq	NC_012756.1	15199	3	136M	10	0
ESPE023	NC_012756.1	minimap2	SRR31350409.682164	1	15693	60	136M	11	same_ref_low_mapq	NC_012756.1	15693	3	136M	11	0
ESPE023	NC_012756.1	minimap2	SRR31350409.1047278	1	18449	49	136M	9	same_ref_low_mapq	NC_012756.1	18449	8	136M	9	1
ESPE023	NC_012756.1	minimap2	SRR31350409.1047278	2	18709	39	128M8S	7	same_ref_low_mapq	NC_012756.1	18709	8	136M	10	1
ESPE023	NC_012756.1	minimap2	SRR31350409.4191030	1	18757	53	4S132M	13	other_ref	NC_031941.1	15155	23	136M	12	0
ESPE023	NC_012756.1	minimap2	SRR31350409.4191030	2	19126	60	128M	3	same_ref_low_mapq	NC_012756.1	19126	23	128M	3	0
ESPE023	NC_012756.1	minimap2	SRR31350409.2385236	1	19974	60	136M	4	same_ref_low_mapq	NC_012756.1	19974	7	136M	4	1
ESPE023	NC_012756.1	minimap2	SRR31350409.2385236	2	20170	60	136M	6	same_ref_low_mapq	NC_012756.1	20170	7	136M	6	1
ESPE023	NC_012756.1	minimap2	SRR31350409.7701076	2	25190	37	136M	12	same_ref_low_mapq	NC_012756.1	25190	2	136M	12	0
ESPE023	NC_012756.1	minimap2	SRR31350409.25847	2	26924	52	32S104M	13	unaligned	*	0	NA	*	NA	0
ESPE023	NC_012756.1	minimap2	SRR31350409.25847	1	27121	60	136M	0	same_ref_not_proper	NC_012756.1	27121	42	136M	0	0
ESPE023	NC_012756.1	minimap2	SRR31350409.3444162	1	27263	60	136M	0	same_ref_pass	NC_012756.1	27263	42	136M	0	1
ESPE023	NC_012756.1	minimap2	SRR31350409.3444162	2	27458	60	136M	1	same_ref_pass	NC_012756.1	27458	42	136M	1	1
ESPE023	NC_012756.1	minimap2	SRR31350409.7553181	2	28114	60	136M	4	same_ref_low_mapq	NC_012756.1	28114	8	136M	4	1
ESPE023	NC_012756.1	minimap2	SRR31350409.7553181	1	28299	54	136M	15	same_ref_low_mapq	NC_012756.1	28299	8	136M	15	1
