sample_id	accession	virus	found_by	reads_counted	median_mapq	mean_nm	other_unaligned	other_other_ref	other_same_ref_low_mapq	other_same_ref_not_proper	other_same_ref_pass	top_alt_ref	top_alt_ref_reads	top_alt_ref_desc	other_primary_on_ref_any_mapq	other_passing_on_ref	self_raw_primary_on_ref
BEHE007	NC_009643.1	Actinomyces phage Av-1, complete genome	minimap2	28	60	7.39	6	0	22	0	0		0		53	0	71
BEPE001	NC_005294.1	Streptococcus prophage EJ-1, complete genome	minimap2	20	60	7.30	0	0	16	0	4		0		29	6	27
BEPE002	NC_042057.1	Enterobacteria phage DE3, complete genome	minimap2	12	60	0.08	0	0	0	4	8		0		25	8	28
BEPE002	NC_050152.1	Enterobacteria phage P7, complete genome	minimap2	22	60	1.50	1	0	0	5	16		0		25	16	28
CLHE003	NC_012756.1	Streptococcus phage PH10, complete genome	minimap2	84	60	7.31	2	2	66	6	8	NC_031941.1	2	Streptococcus phage phiARI0131-2, complete genome	131	8	136
CLHE003	NC_027396.1	Streptococcus phage SpSL1, complete genome	minimap2	30	60	5.77	7	2	16	5	0	NC_030946.1	1	Streptococcus phage phiARI0923, complete genome	50	0	64
CLHE003	NC_030946.1	Streptococcus phage phiARI0923, complete genome	minimap2	19	48	6.95	5	3	10	1	0	NC_070924.1	2	Streptococcus phage IPP55, complete genome	21	0	36
CLHE003	NC_031941.1	Streptococcus phage phiARI0131-2, complete genome	minimap2	22	60	4.18	2	3	17	0	0	NC_012756.1	3	Streptococcus phage PH10, complete genome	42	0	56
ESPE023	NC_010945.1	Streptococcus phage PH15, complete genome	minimap2	33	53	8.58	7	0	26	0	0		0		43	0	60
ESPE023	NC_012756.1	Streptococcus phage PH10, complete genome	minimap2	20	60	5.85	1	1	13	1	4	NC_031941.1	1	Streptococcus phage phiARI0131-2, complete genome	25	4	31
