aligner	sample_id	viral_pairs	refs_present	refs_with_any_read	wall_seconds	max_rss_mb
bowtie2	BEHE003	1	0	1	1.50	NA
bowtie2	BEHE007	8	1	4	1.53	NA
bowtie2	BEPE001	4	0	2	1.55	NA
bowtie2	BEPE002	15	0	4	1.73	NA
bowtie2	CLHE003	4	0	1	1.09	NA
bowtie2	CLHE005	1	0	1	1.33	NA
bowtie2	CLPE012	0	0	0	1.61	NA
bowtie2	CLPE014	0	0	0	1.20	NA
bowtie2	ESHE017	21	1	2	0.37	NA
bowtie2	ESHE020	1	0	1	1.22	NA
bowtie2	ESPE023	2	0	1	0.68	NA
bowtie2	ESPE024	3	0	3	1.08	NA
bowtie2	PEHE004	2	0	2	1.27	NA
bowtie2	PEHE005	0	0	0	1.31	NA
bowtie2	PEPE010	0	0	0	2.48	NA
bowtie2	PEPE022	2	0	1	1.21	NA
minimap2	BEHE003	11	0	9	6.14	NA
minimap2	BEHE007	44	2	14	5.39	NA
minimap2	BEPE001	21	1	8	6.13	NA
minimap2	BEPE002	27	2	9	7.40	NA
minimap2	CLHE003	82	4	8	6.03	NA
minimap2	CLHE005	15	0	8	5.92	NA
minimap2	CLPE012	1	0	1	6.66	NA
minimap2	CLPE014	12	0	10	6.69	NA
minimap2	ESHE017	25	1	2	4.86	NA
minimap2	ESHE020	2	0	3	5.16	NA
minimap2	ESPE023	38	2	8	5.75	NA
minimap2	ESPE024	7	0	4	6.71	NA
minimap2	PEHE004	13	0	7	5.91	NA
minimap2	PEHE005	1	0	2	5.23	NA
minimap2	PEPE010	7	0	5	9.15	NA
minimap2	PEPE022	10	0	6	7.60	NA
