accession	virus	BEHE003	BEHE007	BEPE001	BEPE002	CLHE003	CLHE005	CLPE012	CLPE014	ESHE017	ESHE020	ESPE023	ESPE024	PEHE004	PEHE005	PEPE010	PEPE022
NC_001457.1	Human papillomavirus type 4	0	0	0	0	0	0	0	0	1	0	0	0	0	0	0	0
NC_005294.1	Streptococcus prophage EJ-1	0	1	1	0	0	0	0	0	0	0	0	0	0	0	0	0
NC_009643.1	Actinomyces phage Av-1	0	1	0	0	0	0	0	0	0	0	0	0	0	0	0	0
NC_010945.1	Streptococcus phage PH15	0	0	0	0	0	0	0	0	0	0	1	0	0	0	0	0
NC_012756.1	Streptococcus phage PH10	0	0	0	0	1	0	0	0	0	0	1	0	0	0	0	0
NC_027396.1	Streptococcus phage SpSL1	0	0	0	0	1	0	0	0	0	0	0	0	0	0	0	0
NC_030946.1	Streptococcus phage phiARI0923	0	0	0	0	1	0	0	0	0	0	0	0	0	0	0	0
NC_031941.1	Streptococcus phage phiARI0131-2	0	0	0	0	1	0	0	0	0	0	0	0	0	0	0	0
NC_042057.1	Enterobacteria phage DE3	0	0	0	1	0	0	0	0	0	0	0	0	0	0	0	0
NC_050152.1	Enterobacteria phage P7	0	0	0	1	0	0	0	0	0	0	0	0	0	0	0	0
