sample_name	sample_title	bioproject_accession	organism	collection_date	env_broad_scale	env_local_scale	env_medium	geo_loc_name	host	lat_lon	host_disease	host_subject_id	isolation_source	samp_collect_device
BEHE003	Subgingival gingival crevicular fluid metagenome, periodontally healthy, Belgium	PRJNA1183294	human oral metagenome	2017/2019	oral cavity [UBERON:0000167]	gingiva [UBERON:0001828]	bodily fluid material [ENVO:02000019]	Belgium	Homo sapiens	50.88025 N 4.693472 E	not applicable	BEHE003	Gingival crevicular fluid	Paper points
BEHE007	Subgingival gingival crevicular fluid metagenome, periodontally healthy, Belgium	PRJNA1183294	human oral metagenome	2017/2019	oral cavity [UBERON:0000167]	gingiva [UBERON:0001828]	bodily fluid material [ENVO:02000019]	Belgium	Homo sapiens	50.88025 N 4.693472 E	not applicable	BEHE007	Gingival crevicular fluid	Paper points
BEPE001	Subgingival gingival crevicular fluid metagenome, periodontitis, Belgium	PRJNA1183294	human oral metagenome	2017/2019	oral cavity [UBERON:0000167]	gingiva [UBERON:0001828]	bodily fluid material [ENVO:02000019]	Belgium	Homo sapiens	50.88025 N 4.693472 E	periodontitis	BEPE001	Gingival crevicular fluid	Paper points
BEPE002	Subgingival gingival crevicular fluid metagenome, periodontitis, Belgium	PRJNA1183294	human oral metagenome	2017/2019	oral cavity [UBERON:0000167]	gingiva [UBERON:0001828]	bodily fluid material [ENVO:02000019]	Belgium	Homo sapiens	50.88025 N 4.693472 E	periodontitis	BEPE002	Gingival crevicular fluid	Paper points
CLHE003	Subgingival gingival crevicular fluid metagenome, periodontally healthy, Chile	PRJNA1183294	human oral metagenome	2017/2019	oral cavity [UBERON:0000167]	gingiva [UBERON:0001828]	bodily fluid material [ENVO:02000019]	Chile	Homo sapiens	33.441667 S 70.640972 W	not applicable	CLHE003	Gingival crevicular fluid	Paper points
CLHE005	Subgingival gingival crevicular fluid metagenome, periodontally healthy, Chile	PRJNA1183294	human oral metagenome	2017/2019	oral cavity [UBERON:0000167]	gingiva [UBERON:0001828]	bodily fluid material [ENVO:02000019]	Chile	Homo sapiens	33.441667 S 70.640972 W	not applicable	CLHE005	Gingival crevicular fluid	Paper points
CLPE012	Subgingival gingival crevicular fluid metagenome, periodontitis, Chile	PRJNA1183294	human oral metagenome	2017/2019	oral cavity [UBERON:0000167]	gingiva [UBERON:0001828]	bodily fluid material [ENVO:02000019]	Chile	Homo sapiens	33.441667 S 70.640972 W	periodontitis	CLPE012	Gingival crevicular fluid	Paper points
CLPE014	Subgingival gingival crevicular fluid metagenome, periodontitis, Chile	PRJNA1183294	human oral metagenome	2017/2019	oral cavity [UBERON:0000167]	gingiva [UBERON:0001828]	bodily fluid material [ENVO:02000019]	Chile	Homo sapiens	33.441667 S 70.640972 W	periodontitis	CLPE014	Gingival crevicular fluid	Paper points
ESHE017	Subgingival gingival crevicular fluid metagenome, periodontally healthy, Spain	PRJNA1183294	human oral metagenome	2017/2019	oral cavity [UBERON:0000167]	gingiva [UBERON:0001828]	bodily fluid material [ENVO:02000019]	Spain	Homo sapiens	41.475 N 2.045389 E	not applicable	ESHE017	Gingival crevicular fluid	Paper points
ESHE020	Subgingival gingival crevicular fluid metagenome, periodontally healthy, Spain	PRJNA1183294	human oral metagenome	2017/2019	oral cavity [UBERON:0000167]	gingiva [UBERON:0001828]	bodily fluid material [ENVO:02000019]	Spain	Homo sapiens	41.475 N 2.045389 E	not applicable	ESHE020	Gingival crevicular fluid	Paper points
ESPE023	Subgingival gingival crevicular fluid metagenome, periodontitis, Spain	PRJNA1183294	human oral metagenome	2017/2019	oral cavity [UBERON:0000167]	gingiva [UBERON:0001828]	bodily fluid material [ENVO:02000019]	Spain	Homo sapiens	41.475 N 2.045389 E	periodontitis	ESPE023	Gingival crevicular fluid	Paper points
ESPE024	Subgingival gingival crevicular fluid metagenome, periodontitis, Spain	PRJNA1183294	human oral metagenome	2017/2019	oral cavity [UBERON:0000167]	gingiva [UBERON:0001828]	bodily fluid material [ENVO:02000019]	Spain	Homo sapiens	41.475 N 2.045389 E	periodontitis	ESPE024	Gingival crevicular fluid	Paper points
PEHE004	Subgingival gingival crevicular fluid metagenome, periodontally healthy, Peru	PRJNA1183294	human oral metagenome	2017/2019	oral cavity [UBERON:0000167]	gingiva [UBERON:0001828]	bodily fluid material [ENVO:02000019]	Peru	Homo sapiens	12.221861 S 76.977389 W	not applicable	PEHE004	Gingival crevicular fluid	Paper points
PEHE005	Subgingival gingival crevicular fluid metagenome, periodontally healthy, Peru	PRJNA1183294	human oral metagenome	2017/2019	oral cavity [UBERON:0000167]	gingiva [UBERON:0001828]	bodily fluid material [ENVO:02000019]	Peru	Homo sapiens	12.221861 S 76.977389 W	not applicable	PEHE005	Gingival crevicular fluid	Paper points
PEPE010	Subgingival gingival crevicular fluid metagenome, periodontitis, Peru	PRJNA1183294	human oral metagenome	2017/2019	oral cavity [UBERON:0000167]	gingiva [UBERON:0001828]	bodily fluid material [ENVO:02000019]	Peru	Homo sapiens	12.221861 S 76.977389 W	periodontitis	PEPE010	Gingival crevicular fluid	Paper points
PEPE022	Subgingival gingival crevicular fluid metagenome, periodontitis, Peru	PRJNA1183294	human oral metagenome	2017/2019	oral cavity [UBERON:0000167]	gingiva [UBERON:0001828]	bodily fluid material [ENVO:02000019]	Peru	Homo sapiens	12.221861 S 76.977389 W	periodontitis	PEPE022	Gingival crevicular fluid	Paper points
