record_id,patient_number,country,diagnosis,host_species,specimen_type,collection_device,collection_year_start,collection_year_end,latitude,longitude,bioproject,biosample,sra_run,sra_experiment,instrument_model,library_layout,deposited_spots,deposited_bases,analysed_in_pipeline
BEHE003,BEHE003,1,1,Homo sapiens,1,1,2017,2019,50.8802,4.69347,PRJNA1183294,SAMN44622345,SRR31350455,SRX26727293,1,2,17202051,4678957872,1
BEHE007,BEHE007,1,1,Homo sapiens,1,1,2017,2019,50.8802,4.69347,PRJNA1183294,SAMN44622346,SRR31350454,SRX26727294,1,2,10297070,2800803040,1
BEPE001,BEPE001,1,2,Homo sapiens,1,1,2017,2019,50.8802,4.69347,PRJNA1183294,SAMN44622355,SRR31350453,SRX26727295,1,2,12575602,3609197774,1
BEPE002,BEPE002,1,2,Homo sapiens,1,1,2017,2019,50.8802,4.69347,PRJNA1183294,SAMN44622356,SRR31350452,SRX26727296,1,2,6652281,1809420432,1
CLHE003,CLHE003,2,1,Homo sapiens,1,1,2017,2019,-33.4417,-70.641,PRJNA1183294,SAMN44622365,SRR31350442,SRX26727306,1,2,11931500,3245368000,1
CLHE005,CLHE005,2,1,Homo sapiens,1,1,2017,2019,-33.4417,-70.641,PRJNA1183294,SAMN44622366,SRR31350441,SRX26727307,1,2,9805073,2666979856,1
CLPE012,CLPE012,2,2,Homo sapiens,1,1,2017,2019,-33.4417,-70.641,PRJNA1183294,SAMN44622375,SRR31350431,SRX26727317,1,2,8255977,2245625744,1
CLPE014,CLPE014,2,2,Homo sapiens,1,1,2017,2019,-33.4417,-70.641,PRJNA1183294,SAMN44622376,SRR31350430,SRX26727318,1,2,8529442,2320008224,1
ESHE017,ESHE017,4,1,Homo sapiens,1,1,2017,2019,41.475,2.04539,PRJNA1183294,SAMN44622385,SRR31350420,SRX26727328,1,2,13217547,3595172784,1
ESHE020,ESHE020,4,1,Homo sapiens,1,1,2017,2019,41.475,2.04539,PRJNA1183294,SAMN44622386,SRR31350419,SRX26727329,1,2,13458512,3862592944,1
ESPE023,ESPE023,4,2,Homo sapiens,1,1,2017,2019,41.475,2.04539,PRJNA1183294,SAMN44622395,SRR31350409,SRX26727339,1,2,8178659,2224595248,1
ESPE024,ESPE024,4,2,Homo sapiens,1,1,2017,2019,41.475,2.04539,PRJNA1183294,SAMN44622396,SRR31350408,SRX26727340,1,2,8981563,2442985136,1
PEHE004,PEHE004,3,1,Homo sapiens,1,1,2017,2019,-12.2219,-76.9774,PRJNA1183294,SAMN44622405,SRR31350398,SRX26727350,1,2,7836117,2131423824,1
PEHE005,PEHE005,3,1,Homo sapiens,1,1,2017,2019,-12.2219,-76.9774,PRJNA1183294,SAMN44622406,SRR31350397,SRX26727351,1,2,7245432,2079438984,1
PEPE010,PEPE010,3,2,Homo sapiens,1,1,2017,2019,-12.2219,-76.9774,PRJNA1183294,SAMN44622415,SRR31350387,SRX26727361,1,2,11635878,3164958816,1
PEPE022,PEPE022,3,2,Homo sapiens,1,1,2017,2019,-12.2219,-76.9774,PRJNA1183294,SAMN44622416,SRR31350386,SRX26727362,1,2,11456466,3288005742,1
