Variable / Field Name,Form Name,Section Header,Field Type,Field Label,"Choices, Calculations, OR Slider Labels",Field Note,Text Validation Type OR Show Slider Number,Text Validation Min,Text Validation Max,Identifier?,Branching Logic (Show field only if...),Required Field?,Custom Alignment,Question Number (surveys only),Matrix Group Name,Matrix Ranking?,Field Annotation
record_id,participant,Participant and diagnosis,text,Sample ID (record identifier),,"Study sample code, for example BEHE003. Country and group are encoded in it.",,,,,,y,,,,,
patient_number,participant,,text,Patient number assigned by the study site,,Subject-level code carried in the BioSample record.,,,,y,,y,,,,,
country,participant,,radio,Country of recruitment,"1, Belgium | 2, Chile | 3, Peru | 4, Spain",,,,,,,y,,,,,
diagnosis,participant,,radio,Periodontal diagnosis,"1, Periodontally healthy | 2, Periodontitis",As recorded by the originating study. No case definition is re-derived here.,,,,,,y,,,,,
host_species,participant,,text,Host species,,,,,,,,y,,,,,
specimen_type,specimen,Specimen collection,radio,Specimen type,"1, Gingival crevicular fluid",,,,,,,y,,,,,
collection_device,specimen,,radio,Collection device,"1, Paper points",,,,,,,y,,,,,
collection_year_start,specimen,,text,"Collection period, first year",,"The public record gives a year range only, not a specimen-level date.",integer,1990,2030,,,y,,,,,
collection_year_end,specimen,,text,"Collection period, last year",,,integer,1990,2030,,,y,,,,,
latitude,specimen,,text,Site latitude (decimal degrees),,,number,-90,90,,,,,,,,
longitude,specimen,,text,Site longitude (decimal degrees),,,number,-180,180,,,,,,,,
bioproject,sequencing,Sequencing and repository accessions,text,NCBI BioProject accession,,,,,,,,y,,,,,
biosample,sequencing,,text,NCBI BioSample accession,,,,,,,,y,,,,,
sra_run,sequencing,,text,NCBI SRA run accession,,,,,,,,y,,,,,
sra_experiment,sequencing,,text,NCBI SRA experiment accession,,,,,,,,y,,,,,
instrument_model,sequencing,,radio,Sequencing instrument,"1, Illumina NovaSeq 6000",,,,,,,y,,,,,
library_layout,sequencing,,radio,Library layout,"1, single | 2, paired",,,,,,,y,,,,,
deposited_spots,sequencing,,text,Read pairs deposited in SRA,,,integer,0,,,,y,,,,,
deposited_bases,sequencing,,text,Bases deposited in SRA,,,integer,0,,,,y,,,,,
analysed_in_pipeline,sequencing,,yesno,Included in the subsampled analysis set,,,,,,,,y,,,,,
