bioproject_accession	biosample_accession	library_ID	title	library_strategy	library_source	library_selection	library_layout	platform	instrument_model	design_description	filetype	filename	filename2
PRJNA1183294	SAMN44622345	BEHE003	WGS of human oral metagenome: subgingival gingival crevicular fluid, periodontally healthy, Belgium	WGS	METAGENOMIC	size fractionation	paired	ILLUMINA	Illumina NovaSeq 6000	Subgingival plaque sampled on paper points from the deepest site of each quadrant and pooled per subject, followed by shotgun metagenomic sequencing.	fastq	BEHE003_1.fastq.gz	BEHE003_2.fastq.gz
PRJNA1183294	SAMN44622346	BEHE007	WGS of human oral metagenome: subgingival gingival crevicular fluid, periodontally healthy, Belgium	WGS	METAGENOMIC	size fractionation	paired	ILLUMINA	Illumina NovaSeq 6000	Subgingival plaque sampled on paper points from the deepest site of each quadrant and pooled per subject, followed by shotgun metagenomic sequencing.	fastq	BEHE007_1.fastq.gz	BEHE007_2.fastq.gz
PRJNA1183294	SAMN44622355	BEPE001	WGS of human oral metagenome: subgingival gingival crevicular fluid, periodontitis, Belgium	WGS	METAGENOMIC	size fractionation	paired	ILLUMINA	Illumina NovaSeq 6000	Subgingival plaque sampled on paper points from the deepest site of each quadrant and pooled per subject, followed by shotgun metagenomic sequencing.	fastq	BEPE001_1.fastq.gz	BEPE001_2.fastq.gz
PRJNA1183294	SAMN44622356	BEPE002	WGS of human oral metagenome: subgingival gingival crevicular fluid, periodontitis, Belgium	WGS	METAGENOMIC	size fractionation	paired	ILLUMINA	Illumina NovaSeq 6000	Subgingival plaque sampled on paper points from the deepest site of each quadrant and pooled per subject, followed by shotgun metagenomic sequencing.	fastq	BEPE002_1.fastq.gz	BEPE002_2.fastq.gz
PRJNA1183294	SAMN44622365	CLHE003	WGS of human oral metagenome: subgingival gingival crevicular fluid, periodontally healthy, Chile	WGS	METAGENOMIC	size fractionation	paired	ILLUMINA	Illumina NovaSeq 6000	Subgingival plaque sampled on paper points from the deepest site of each quadrant and pooled per subject, followed by shotgun metagenomic sequencing.	fastq	CLHE003_1.fastq.gz	CLHE003_2.fastq.gz
PRJNA1183294	SAMN44622366	CLHE005	WGS of human oral metagenome: subgingival gingival crevicular fluid, periodontally healthy, Chile	WGS	METAGENOMIC	size fractionation	paired	ILLUMINA	Illumina NovaSeq 6000	Subgingival plaque sampled on paper points from the deepest site of each quadrant and pooled per subject, followed by shotgun metagenomic sequencing.	fastq	CLHE005_1.fastq.gz	CLHE005_2.fastq.gz
PRJNA1183294	SAMN44622375	CLPE012	WGS of human oral metagenome: subgingival gingival crevicular fluid, periodontitis, Chile	WGS	METAGENOMIC	size fractionation	paired	ILLUMINA	Illumina NovaSeq 6000	Subgingival plaque sampled on paper points from the deepest site of each quadrant and pooled per subject, followed by shotgun metagenomic sequencing.	fastq	CLPE012_1.fastq.gz	CLPE012_2.fastq.gz
PRJNA1183294	SAMN44622376	CLPE014	WGS of human oral metagenome: subgingival gingival crevicular fluid, periodontitis, Chile	WGS	METAGENOMIC	size fractionation	paired	ILLUMINA	Illumina NovaSeq 6000	Subgingival plaque sampled on paper points from the deepest site of each quadrant and pooled per subject, followed by shotgun metagenomic sequencing.	fastq	CLPE014_1.fastq.gz	CLPE014_2.fastq.gz
PRJNA1183294	SAMN44622385	ESHE017	WGS of human oral metagenome: subgingival gingival crevicular fluid, periodontally healthy, Spain	WGS	METAGENOMIC	size fractionation	paired	ILLUMINA	Illumina NovaSeq 6000	Subgingival plaque sampled on paper points from the deepest site of each quadrant and pooled per subject, followed by shotgun metagenomic sequencing.	fastq	ESHE017_1.fastq.gz	ESHE017_2.fastq.gz
PRJNA1183294	SAMN44622386	ESHE020	WGS of human oral metagenome: subgingival gingival crevicular fluid, periodontally healthy, Spain	WGS	METAGENOMIC	size fractionation	paired	ILLUMINA	Illumina NovaSeq 6000	Subgingival plaque sampled on paper points from the deepest site of each quadrant and pooled per subject, followed by shotgun metagenomic sequencing.	fastq	ESHE020_1.fastq.gz	ESHE020_2.fastq.gz
PRJNA1183294	SAMN44622395	ESPE023	WGS of human oral metagenome: subgingival gingival crevicular fluid, periodontitis, Spain	WGS	METAGENOMIC	size fractionation	paired	ILLUMINA	Illumina NovaSeq 6000	Subgingival plaque sampled on paper points from the deepest site of each quadrant and pooled per subject, followed by shotgun metagenomic sequencing.	fastq	ESPE023_1.fastq.gz	ESPE023_2.fastq.gz
PRJNA1183294	SAMN44622396	ESPE024	WGS of human oral metagenome: subgingival gingival crevicular fluid, periodontitis, Spain	WGS	METAGENOMIC	size fractionation	paired	ILLUMINA	Illumina NovaSeq 6000	Subgingival plaque sampled on paper points from the deepest site of each quadrant and pooled per subject, followed by shotgun metagenomic sequencing.	fastq	ESPE024_1.fastq.gz	ESPE024_2.fastq.gz
PRJNA1183294	SAMN44622405	PEHE004	WGS of human oral metagenome: subgingival gingival crevicular fluid, periodontally healthy, Peru	WGS	METAGENOMIC	size fractionation	paired	ILLUMINA	Illumina NovaSeq 6000	Subgingival plaque sampled on paper points from the deepest site of each quadrant and pooled per subject, followed by shotgun metagenomic sequencing.	fastq	PEHE004_1.fastq.gz	PEHE004_2.fastq.gz
PRJNA1183294	SAMN44622406	PEHE005	WGS of human oral metagenome: subgingival gingival crevicular fluid, periodontally healthy, Peru	WGS	METAGENOMIC	size fractionation	paired	ILLUMINA	Illumina NovaSeq 6000	Subgingival plaque sampled on paper points from the deepest site of each quadrant and pooled per subject, followed by shotgun metagenomic sequencing.	fastq	PEHE005_1.fastq.gz	PEHE005_2.fastq.gz
PRJNA1183294	SAMN44622415	PEPE010	WGS of human oral metagenome: subgingival gingival crevicular fluid, periodontitis, Peru	WGS	METAGENOMIC	size fractionation	paired	ILLUMINA	Illumina NovaSeq 6000	Subgingival plaque sampled on paper points from the deepest site of each quadrant and pooled per subject, followed by shotgun metagenomic sequencing.	fastq	PEPE010_1.fastq.gz	PEPE010_2.fastq.gz
PRJNA1183294	SAMN44622416	PEPE022	WGS of human oral metagenome: subgingival gingival crevicular fluid, periodontitis, Peru	WGS	METAGENOMIC	size fractionation	paired	ILLUMINA	Illumina NovaSeq 6000	Subgingival plaque sampled on paper points from the deepest site of each quadrant and pooled per subject, followed by shotgun metagenomic sequencing.	fastq	PEPE022_1.fastq.gz	PEPE022_2.fastq.gz
