sample_id	run_accession	biosample	experiment	diagnosis	country	isolation_source	collection_device	collection_date	lat_lon	host	library_strategy	library_source	library_selection	library_layout	instrument_model	spots	bases	size_mb
BEHE003	SRR31350455	SAMN44622345	SRX26727293	Periodontally healthy	Belgium	Gingival crevicular fluid	Paper points	2017/2019	50.88025 N 4.693472 E	Homo sapiens	WGS	METAGENOMIC	size fractionation	PAIRED	Illumina NovaSeq 6000	17202051	4678957872	1492
BEHE007	SRR31350454	SAMN44622346	SRX26727294	Periodontally healthy	Belgium	Gingival crevicular fluid	Paper points	2017/2019	50.88025 N 4.693472 E	Homo sapiens	WGS	METAGENOMIC	size fractionation	PAIRED	Illumina NovaSeq 6000	10297070	2800803040	874
BEPE001	SRR31350453	SAMN44622355	SRX26727295	Periodontitis	Belgium	Gingival crevicular fluid	Paper points	2017/2019	50.88025 N 4.693472 E	Homo sapiens	WGS	METAGENOMIC	size fractionation	PAIRED	Illumina NovaSeq 6000	12575602	3609197774	1177
BEPE002	SRR31350452	SAMN44622356	SRX26727296	Periodontitis	Belgium	Gingival crevicular fluid	Paper points	2017/2019	50.88025 N 4.693472 E	Homo sapiens	WGS	METAGENOMIC	size fractionation	PAIRED	Illumina NovaSeq 6000	6652281	1809420432	638
CLHE003	SRR31350442	SAMN44622365	SRX26727306	Periodontally healthy	Chile	Gingival crevicular fluid	Paper points	2017/2019	33.441667 S 70.640972 W	Homo sapiens	WGS	METAGENOMIC	size fractionation	PAIRED	Illumina NovaSeq 6000	11931500	3245368000	1041
CLHE005	SRR31350441	SAMN44622366	SRX26727307	Periodontally healthy	Chile	Gingival crevicular fluid	Paper points	2017/2019	33.441667 S 70.640972 W	Homo sapiens	WGS	METAGENOMIC	size fractionation	PAIRED	Illumina NovaSeq 6000	9805073	2666979856	846
CLPE012	SRR31350431	SAMN44622375	SRX26727317	Periodontitis	Chile	Gingival crevicular fluid	Paper points	2017/2019	33.441667 S 70.640972 W	Homo sapiens	WGS	METAGENOMIC	size fractionation	PAIRED	Illumina NovaSeq 6000	8255977	2245625744	767
CLPE014	SRR31350430	SAMN44622376	SRX26727318	Periodontitis	Chile	Gingival crevicular fluid	Paper points	2017/2019	33.441667 S 70.640972 W	Homo sapiens	WGS	METAGENOMIC	size fractionation	PAIRED	Illumina NovaSeq 6000	8529442	2320008224	775
ESHE017	SRR31350420	SAMN44622385	SRX26727328	Periodontally healthy	Spain	Gingival crevicular fluid	Paper points	2017/2019	41.475 N 2.045389 E	Homo sapiens	WGS	METAGENOMIC	size fractionation	PAIRED	Illumina NovaSeq 6000	13217547	3595172784	1137
ESHE020	SRR31350419	SAMN44622386	SRX26727329	Periodontally healthy	Spain	Gingival crevicular fluid	Paper points	2017/2019	41.475 N 2.045389 E	Homo sapiens	WGS	METAGENOMIC	size fractionation	PAIRED	Illumina NovaSeq 6000	13458512	3862592944	1244
ESPE023	SRR31350409	SAMN44622395	SRX26727339	Periodontitis	Spain	Gingival crevicular fluid	Paper points	2017/2019	41.475 N 2.045389 E	Homo sapiens	WGS	METAGENOMIC	size fractionation	PAIRED	Illumina NovaSeq 6000	8178659	2224595248	762
ESPE024	SRR31350408	SAMN44622396	SRX26727340	Periodontitis	Spain	Gingival crevicular fluid	Paper points	2017/2019	41.475 N 2.045389 E	Homo sapiens	WGS	METAGENOMIC	size fractionation	PAIRED	Illumina NovaSeq 6000	8981563	2442985136	890
PEHE004	SRR31350398	SAMN44622405	SRX26727350	Periodontally healthy	Peru	Gingival crevicular fluid	Paper points	2017/2019	12.221861 S 76.977389 W	Homo sapiens	WGS	METAGENOMIC	size fractionation	PAIRED	Illumina NovaSeq 6000	7836117	2131423824	780
PEHE005	SRR31350397	SAMN44622406	SRX26727351	Periodontally healthy	Peru	Gingival crevicular fluid	Paper points	2017/2019	12.221861 S 76.977389 W	Homo sapiens	WGS	METAGENOMIC	size fractionation	PAIRED	Illumina NovaSeq 6000	7245432	2079438984	733
PEPE010	SRR31350387	SAMN44622415	SRX26727361	Periodontitis	Peru	Gingival crevicular fluid	Paper points	2017/2019	12.221861 S 76.977389 W	Homo sapiens	WGS	METAGENOMIC	size fractionation	PAIRED	Illumina NovaSeq 6000	11635878	3164958816	1082
PEPE022	SRR31350386	SAMN44622416	SRX26727362	Periodontitis	Peru	Gingival crevicular fluid	Paper points	2017/2019	12.221861 S 76.977389 W	Homo sapiens	WGS	METAGENOMIC	size fractionation	PAIRED	Illumina NovaSeq 6000	11456466	3288005742	1139
