sample_id	run_accession	diagnosis	country	sra_spots	subsampled_pairs	post_qc_pairs	qc_retained_pct	mapped_pairs	mapped_pct
BEHE003	SRR31350455	Periodontally healthy	Belgium	17202051	1000000	955931	95.59	69	0.0072
BEHE007	SRR31350454	Periodontally healthy	Belgium	10297070	1000000	873708	87.37	74	0.0085
BEPE001	SRR31350453	Periodontitis	Belgium	12575602	1000000	970199	97.02	44	0.0045
BEPE002	SRR31350452	Periodontitis	Belgium	6652281	1000000	932811	93.28	48	0.0051
CLHE003	SRR31350442	Periodontally healthy	Chile	11931500	1000000	961365	96.14	45	0.0047
CLHE005	SRR31350441	Periodontally healthy	Chile	9805073	1000000	955313	95.53	57	0.006
CLPE012	SRR31350431	Periodontitis	Chile	8255977	1000000	937571	93.76	56	0.006
CLPE014	SRR31350430	Periodontitis	Chile	8529442	1000000	914390	91.44	48	0.0052
ESHE017	SRR31350420	Periodontally healthy	Spain	13217547	1000000	914841	91.48	73	0.008
ESHE020	SRR31350419	Periodontally healthy	Spain	13458512	1000000	964098	96.41	54	0.0056
ESPE023	SRR31350409	Periodontitis	Spain	8178659	1000000	944395	94.44	46	0.0049
ESPE024	SRR31350408	Periodontitis	Spain	8981563	1000000	888768	88.88	35	0.0039
PEHE004	SRR31350398	Periodontally healthy	Peru	7836117	1000000	938352	93.84	58	0.0062
PEHE005	SRR31350397	Periodontally healthy	Peru	7245432	1000000	954103	95.41	52	0.0055
PEPE010	SRR31350387	Periodontitis	Peru	11635878	1000000	943358	94.34	29	0.0031
PEPE022	SRR31350386	Periodontitis	Peru	11456466	1000000	938457	93.85	20	0.0021
